cand_id,cmte_id,cycle,total,count,support_oppose_indicator,candidate_id,committee_id,candidate_name,committee_name
P00003392,C00002089,2016,150.00,1,S,P00003392,C00002089,"CLINTON, HILLARY RODHAM / TIMOTHY MICHAEL KAINE",COMMUNICATIONS WORKERS OF AMERICA-COPE POLITICAL CONTRIBUTIONS COMMITTEE
P00003392,C00002766,2016,133176.13,4,S,P00003392,C00002766,"CLINTON, HILLARY RODHAM / TIMOTHY MICHAEL KAINE",UNITED FOOD AND COMMERCIAL WORKERS INTERNATIONAL UNION ACTIVE BALLOT CLUB
P00003392,C00003418,2016,321531.27,27,O,P00003392,C00003418,"CLINTON, HILLARY RODHAM / TIMOTHY MICHAEL KAINE",REPUBLICAN NATIONAL COMMITTEE
P00003392,C00003590,2016,14944.65,8,S,P00003392,C00003590,"CLINTON, HILLARY RODHAM / TIMOTHY MICHAEL KAINE",UNITED STEELWORKERS POLITICAL ACTION FUND
P00003392,C00003632,2016,47267.02,51,S,P00003392,C00003632,"CLINTON, HILLARY RODHAM / TIMOTHY MICHAEL KAINE",INTL UNION OF BRICKLAYERS & ALLIED CRAFTWORKERS PAC
P00003392,C00004036,2016,2062041.68,253,S,P00003392,C00004036,"CLINTON, HILLARY RODHAM / TIMOTHY MICHAEL KAINE",SEIU COPE (SERVICE EMPLOYEES INTERNATIONAL UNION COMMITTEE ON POLITICAL EDUCATION)
P00003392,C00006486,2016,14497.31,3,O,P00003392,C00006486,"CLINTON, HILLARY RODHAM / TIMOTHY MICHAEL KAINE","INDIANA REPUBLICAN STATE COMMITTEE, INC."
P00003392,C00007922,2016,163100.94,88,S,P00003392,C00007922,"CLINTON, HILLARY RODHAM / TIMOTHY MICHAEL KAINE",LABORERS' INTERNATIONAL UNION OF NORTH AMERICA (LIUNA) PAC
P00003392,C00008268,2016,32158.15,7,S,P00003392,C00008268,"CLINTON, HILLARY RODHAM / TIMOTHY MICHAEL KAINE",TRANSPORT WORKERS UNION POLITICAL CONTRIBUTIONS COMMITTEE
P00003392,C00011114,2016,15773.20,1,S,P00003392,C00011114,"CLINTON, HILLARY RODHAM / TIMOTHY MICHAEL KAINE",AMERICAN FEDERATION OF STATE COUNTY & MUNICIPAL EMPLOYEES  P E O P L E
P00003392,C00012476,2016,148868.00,7,S,P00003392,C00012476,"CLINTON, HILLARY RODHAM / TIMOTHY MICHAEL KAINE",UNITED ASSOCIATION POLITICAL EDUCATION COMMITTEE (UNITED ASSOCIATION OF JOURNEYMEN AND APPRENTICES OF THE PLUMBING & PIPEFITTING INDUSTRY OF THE UNITED STATES AND CANADA)
P00003392,C00017525,2016,753.03,2,S,P00003392,C00017525,"CLINTON, HILLARY RODHAM / TIMOTHY MICHAEL KAINE",AMERICAN NURSES ASSOCIATION PAC
P00003392,C00023580,2016,43157.15,2,S,P00003392,C00023580,"CLINTON, HILLARY RODHAM / TIMOTHY MICHAEL KAINE",NATIONAL ASSOCIATION OF LETTER CARRIERS OF U.S.A. POLITICAL FUND (LETTER CARRIER POLITICAL FUND)
P00003392,C00041160,2016,6950.09,4,O,P00003392,C00041160,"CLINTON, HILLARY RODHAM / TIMOTHY MICHAEL KAINE",MICHIGAN REPUBLICAN PARTY
P00003392,C00053553,2016,7448183.96,100,O,P00003392,C00053553,"CLINTON, HILLARY RODHAM / TIMOTHY MICHAEL KAINE",NATIONAL RIFLE ASSOCIATION OF AMERICA POLITICAL VICTORY FUND
P00003392,C00053553,2016,265.00,3,S,P00003392,C00053553,"CLINTON, HILLARY RODHAM / TIMOTHY MICHAEL KAINE",NATIONAL RIFLE ASSOCIATION OF AMERICA POLITICAL VICTORY FUND
P00003392,C00101212,2016,17019.96,2,O,P00003392,C00101212,"CLINTON, HILLARY RODHAM / TIMOTHY MICHAEL KAINE",RIGHT TO LIFE OF MICHIGAN POLITICAL ACTION COMMITTEE
P00003392,C00107128,2016,624.00,1,S,P00003392,C00107128,"CLINTON, HILLARY RODHAM / TIMOTHY MICHAEL KAINE",NATIONAL TREASURY EMPLOYEES POLITICAL ACTION COMMITTEE
P00003392,C00111278,2016,44157.77,5,O,P00003392,C00111278,"CLINTON, HILLARY RODHAM / TIMOTHY MICHAEL KAINE",NATIONAL RIGHT TO LIFE POLITICAL ACTION COMMITTEE
P00003392,C00135368,2016,23587.38,67,S,P00003392,C00135368,"CLINTON, HILLARY RODHAM / TIMOTHY MICHAEL KAINE",SIERRA CLUB POLITICAL COMMITTEE
P00003392,C00141572,2016,1575.48,5,O,P00003392,C00141572,"CLINTON, HILLARY RODHAM / TIMOTHY MICHAEL KAINE",RIGHT TO LIFE/OREGON PAC
P00003392,C00143743,2016,279.99,1,O,P00003392,C00143743,"CLINTON, HILLARY RODHAM / TIMOTHY MICHAEL KAINE",REPUBLICAN PARTY OF TEXAS
P00003392,C00157537,2016,148.30,11,O,P00003392,C00157537,"CLINTON, HILLARY RODHAM / TIMOTHY MICHAEL KAINE",WEST VIRGINIANS FOR LIFE INC POLITICAL ACTION COMMITTEE
P00003392,C00157958,2016,303.00,1,O,P00003392,C00157958,"CLINTON, HILLARY RODHAM / TIMOTHY MICHAEL KAINE",MISSOURI RIGHT TO LIFE FEDERAL POLITICAL ACTION COMMITTEE
P00003392,C00162818,2016,1025.00,1,O,P00003392,C00162818,"CLINTON, HILLARY RODHAM / TIMOTHY MICHAEL KAINE",INTERNATIONAL BROTHERHOOD OF ELECTRICAL WORKERS LOCAL 98 COMMITTEE ON POLITICAL EDUCATION
P00003392,C00162818,2016,116450.29,15,S,P00003392,C00162818,"CLINTON, HILLARY RODHAM / TIMOTHY MICHAEL KAINE",INTERNATIONAL BROTHERHOOD OF ELECTRICAL WORKERS LOCAL 98 COMMITTEE ON POLITICAL EDUCATION
P00003392,C00167015,2016,264283.00,5,S,P00003392,C00167015,"CLINTON, HILLARY RODHAM / TIMOTHY MICHAEL KAINE",DEMOCRATIC PARTY OF ILLINOIS
P00003392,C00202804,2016,1250.00,2,S,P00003392,C00202804,"CLINTON, HILLARY RODHAM / TIMOTHY MICHAEL KAINE",PROCHOICE VOTER
P00003392,C00216614,2016,5330.57,17,S,P00003392,C00216614,"CLINTON, HILLARY RODHAM / TIMOTHY MICHAEL KAINE",DEMOCRATIC PARTY COMMITTEE ABROAD
P00003392,C00235853,2016,1295.96,10,O,P00003392,C00235853,"CLINTON, HILLARY RODHAM / TIMOTHY MICHAEL KAINE",HUMAN RIGHTS CAMPAIGN PAC
P00003392,C00235853,2016,261072.38,74,S,P00003392,C00235853,"CLINTON, HILLARY RODHAM / TIMOTHY MICHAEL KAINE",HUMAN RIGHTS CAMPAIGN PAC
P00003392,C00252551,2016,2000.00,1,O,P00003392,C00252551,"CLINTON, HILLARY RODHAM / TIMOTHY MICHAEL KAINE",REPUBLICAN PARTY OF SAN DIEGO COUNTY
P00003392,C00319517,2016,750.00,2,S,P00003392,C00319517,"CLINTON, HILLARY RODHAM / TIMOTHY MICHAEL KAINE",BLACKS IN GOVERNMENT POLITICAL ADVANCEMENT COUNCIL
P00003392,C00319517,2016,1000.00,2,,P00003392,C00319517,"CLINTON, HILLARY RODHAM / TIMOTHY MICHAEL KAINE",BLACKS IN GOVERNMENT POLITICAL ADVANCEMENT COUNCIL
P00003392,C00325076,2016,7034.50,4,O,P00003392,C00325076,"CLINTON, HILLARY RODHAM / TIMOTHY MICHAEL KAINE",CAMPAIGN FOR WORKING FAMILIES
P00003392,C00341396,2016,480447.88,93,S,P00003392,C00341396,"CLINTON, HILLARY RODHAM / TIMOTHY MICHAEL KAINE",MOVEON.ORG POLITICAL ACTION
P00003392,C00344531,2016,188000.00,1,S,P00003392,C00344531,"CLINTON, HILLARY RODHAM / TIMOTHY MICHAEL KAINE",1199 32BJ/144 SERVICE EMPLOYEES INTERNATIONAL UNION HOME CARE POLITICAL ACTION FUND
P00003392,C00346015,2016,7013.57,4,S,P00003392,C00346015,"CLINTON, HILLARY RODHAM / TIMOTHY MICHAEL KAINE",80-20 NATIONAL ASIAN AMERICAN PAC
P00003392,C00346239,2016,275.50,2,S,P00003392,C00346239,"CLINTON, HILLARY RODHAM / TIMOTHY MICHAEL KAINE",ARAB AMERICAN POLITICAL ACTION COMMITTEE
P00003392,C00348540,2016,472261.00,7,S,P00003392,C00348540,"CLINTON, HILLARY RODHAM / TIMOTHY MICHAEL KAINE",1199 SERVICE EMPLOYEES INT'L UNION FEDERAL POLITICAL ACTION FUND
P00003392,C00352211,2016,312.50,1,S,P00003392,C00352211,"CLINTON, HILLARY RODHAM / TIMOTHY MICHAEL KAINE",WEST HOLLYWOOD DEMOCRATIC CLUB/BEVERLY HILLS DEMOCRATIC CLUB
P00003392,C00355289,2016,13074.78,2,S,P00003392,C00355289,"CLINTON, HILLARY RODHAM / TIMOTHY MICHAEL KAINE",LOCAL 32BJ SERVICE EMPLOYEES INTERNATIONAL UNION AMERICAN DREAM POLITICAL ACTION FUND
P00003392,C00401786,2016,939085.12,151,O,P00003392,C00401786,"CLINTON, HILLARY RODHAM / TIMOTHY MICHAEL KAINE",FREEDOM'S DEFENSE FUND
P00003392,C00403741,2016,4088.53,2,S,P00003392,C00403741,"CLINTON, HILLARY RODHAM / TIMOTHY MICHAEL KAINE",UA PROGRESSIVE ACTION
P00003392,C00405878,2016,174.54,1,O,P00003392,C00405878,"CLINTON, HILLARY RODHAM / TIMOTHY MICHAEL KAINE",AMERICANS FOR LEGAL IMMIGRATION PAC
P00003392,C00406397,2016,705.61,2,S,P00003392,C00406397,"CLINTON, HILLARY RODHAM / TIMOTHY MICHAEL KAINE",DESERT STONEWALL DEMOCRATS
P00003392,C00406447,2016,7286.57,4,S,P00003392,C00406447,"CLINTON, HILLARY RODHAM / TIMOTHY MICHAEL KAINE",LOUDOUN COUNTY DEMOCRATIC COMMITTEE
P00003392,C00418897,2016,402937.62,11,S,P00003392,C00418897,"CLINTON, HILLARY RODHAM / TIMOTHY MICHAEL KAINE",VOTEVETS
P00003392,C00427849,2016,11469.05,5,S,P00003392,C00427849,"CLINTON, HILLARY RODHAM / TIMOTHY MICHAEL KAINE",REPLACEMENTS LTD PAC
P00003392,C00428557,2016,5096.92,1,O,P00003392,C00428557,"CLINTON, HILLARY RODHAM / TIMOTHY MICHAEL KAINE",COLOROFCHANGE PAC
P00003392,C00428557,2016,178320.68,20,S,P00003392,C00428557,"CLINTON, HILLARY RODHAM / TIMOTHY MICHAEL KAINE",COLOROFCHANGE PAC
P00003392,C00429456,2016,178.42,4,S,P00003392,C00429456,"CLINTON, HILLARY RODHAM / TIMOTHY MICHAEL KAINE",SANTA BARBARA WOMEN'S POLITICAL COMMITTEE
P00003392,C00432260,2016,121.82,4,O,P00003392,C00432260,"CLINTON, HILLARY RODHAM / TIMOTHY MICHAEL KAINE",CLUB FOR GROWTH PAC
P00003392,C00432260,2016,84.09,2,S,P00003392,C00432260,"CLINTON, HILLARY RODHAM / TIMOTHY MICHAEL KAINE",CLUB FOR GROWTH PAC
P00003392,C00438747,2016,3000.00,1,O,P00003392,C00438747,"CLINTON, HILLARY RODHAM / TIMOTHY MICHAEL KAINE",LIFE AND LIBERTY PAC INC
P00003392,C00442319,2016,3000.00,1,O,P00003392,C00442319,"CLINTON, HILLARY RODHAM / TIMOTHY MICHAEL KAINE",REPUBLICAN MAJORITY CAMPAIGN
P00003392,C00455357,2016,0.69,1,S,P00003392,,"CLINTON, HILLARY RODHAM / TIMOTHY MICHAEL KAINE",
P00003392,C00455378,2016,71035.37,43,O,P00003392,C00455378,"CLINTON, HILLARY RODHAM / TIMOTHY MICHAEL KAINE",THE NATIONAL REPUBLICAN TRUST PAC
P00003392,C00455923,2016,82349.86,20,O,P00003392,C00455923,"CLINTON, HILLARY RODHAM / TIMOTHY MICHAEL KAINE",FEDUP POLITICAL ACTION COMMITTEE AKA FEDUP PAC
P00003392,C00455923,2016,500.00,1,S,P00003392,C00455923,"CLINTON, HILLARY RODHAM / TIMOTHY MICHAEL KAINE",FEDUP POLITICAL ACTION COMMITTEE AKA FEDUP PAC
P00003392,C00457291,2016,267812.86,22,O,P00003392,C00457291,"CLINTON, HILLARY RODHAM / TIMOTHY MICHAEL KAINE",THE CONSERVATIVE STRIKEFORCE
P00003392,C00464198,2016,500.00,1,S,P00003392,C00464198,"CLINTON, HILLARY RODHAM / TIMOTHY MICHAEL KAINE",DEMOCRATIC CLUB OF THE CONEJO VALLEY
P00003392,C00468447,2016,12500.00,2,O,P00003392,C00468447,"CLINTON, HILLARY RODHAM / TIMOTHY MICHAEL KAINE",ONE NATION PAC
P00003392,C00473918,2016,5568726.90,58,S,P00003392,C00473918,"CLINTON, HILLARY RODHAM / TIMOTHY MICHAEL KAINE",WOMEN VOTE!
P00003392,C00484253,2016,13378.40,7,S,P00003392,C00484253,"CLINTON, HILLARY RODHAM / TIMOTHY MICHAEL KAINE",UNITED FOOD AND COMMERCIAL WORKERS INTERNATIONAL UNION WORKING FAMILIES ADVOCACY PROJECT
P00003392,C00484642,2016,227337.41,3,S,P00003392,C00484642,"CLINTON, HILLARY RODHAM / TIMOTHY MICHAEL KAINE",SENATE MAJORITY PAC
P00003392,C00486845,2016,6281876.46,20,S,P00003392,C00486845,"CLINTON, HILLARY RODHAM / TIMOTHY MICHAEL KAINE",LCV VICTORY FUND
P00003392,C00487363,2016,135378.00,11,O,P00003392,C00487363,"CLINTON, HILLARY RODHAM / TIMOTHY MICHAEL KAINE",AMERICAN CROSSROADS
P00003392,C00487470,2016,536.18,36,O,P00003392,C00487470,"CLINTON, HILLARY RODHAM / TIMOTHY MICHAEL KAINE",CLUB FOR GROWTH ACTION
P00003392,C00488486,2016,21719.93,7,S,P00003392,C00488486,"CLINTON, HILLARY RODHAM / TIMOTHY MICHAEL KAINE",COMMUNICATIONS WORKERS OF AMERICA WORKING VOICES
P00003392,C00489252,2016,3606.16,8,S,P00003392,C00489252,"CLINTON, HILLARY RODHAM / TIMOTHY MICHAEL KAINE",NEW POWER PAC
P00003392,C00489799,2016,2401224.45,144,S,P00003392,C00489799,"CLINTON, HILLARY RODHAM / TIMOTHY MICHAEL KAINE",PLANNED PARENTHOOD VOTES
P00003392,C00489815,2016,196270.01,16,S,P00003392,C00489815,"CLINTON, HILLARY RODHAM / TIMOTHY MICHAEL KAINE",NEA ADVOCACY FUND
P00003392,C00490730,2016,5426475.67,37,O,P00003392,C00490730,"CLINTON, HILLARY RODHAM / TIMOTHY MICHAEL KAINE",RGA RIGHT DIRECTION PAC
P00003392,C00491290,2016,2950.00,5,O,P00003392,C00491290,"CLINTON, HILLARY RODHAM / TIMOTHY MICHAEL KAINE",TEA PARTY VICTORY FUND
P00003392,C00493510,2016,2500.00,1,S,P00003392,C00493510,"CLINTON, HILLARY RODHAM / TIMOTHY MICHAEL KAINE",GLOBAL DIASPORA PAC INCORPORATED; THE
P00003392,C00495010,2016,5000.00,4,O,P00003392,C00495010,"CLINTON, HILLARY RODHAM / TIMOTHY MICHAEL KAINE",CONSERVATIVE CAMPAIGN COMMITTEE
P00003392,C00495861,2016,6455315.54,87,S,P00003392,C00495861,"CLINTON, HILLARY RODHAM / TIMOTHY MICHAEL KAINE",PRIORITIES USA ACTION
P00003392,C00497420,2016,684342.55,356,O,P00003392,C00497420,"CLINTON, HILLARY RODHAM / TIMOTHY MICHAEL KAINE",CITIZENS UNITED SUPER PAC LLC
P00003392,C00497420,2016,88485.78,40,S,P00003392,C00497420,"CLINTON, HILLARY RODHAM / TIMOTHY MICHAEL KAINE",CITIZENS UNITED SUPER PAC LLC
P00003392,C00508440,2016,318472.62,46,S,P00003392,C00508440,"CLINTON, HILLARY RODHAM / TIMOTHY MICHAEL KAINE",HUMAN RIGHTS CAMPAIGN EQUALITY VOTES
P00003392,C00509893,2016,84483.94,9,O,P00003392,C00509893,"CLINTON, HILLARY RODHAM / TIMOTHY MICHAEL KAINE",NATIONAL RIGHT TO LIFE VICTORY FUND
P00003392,C00519413,2016,7538.22,13,S,P00003392,C00519413,"CLINTON, HILLARY RODHAM / TIMOTHY MICHAEL KAINE",L PAC
P00003392,C00521302,2016,18000.00,2,O,P00003392,C00521302,"CLINTON, HILLARY RODHAM / TIMOTHY MICHAEL KAINE",VETERANS FOR A STRONG AMERICA ACTION GROUP
P00003392,C00521757,2016,81500.00,3,O,P00003392,C00521757,"CLINTON, HILLARY RODHAM / TIMOTHY MICHAEL KAINE",CHARACTER COUNTS POLITICAL ACTION COMMITTEE
P00003392,C00522458,2016,293.86,2,S,P00003392,C00522458,"CLINTON, HILLARY RODHAM / TIMOTHY MICHAEL KAINE",TOGETHER WE THRIVE
P00003392,C00523241,2016,2544.81,6,O,P00003392,C00523241,"CLINTON, HILLARY RODHAM / TIMOTHY MICHAEL KAINE",SPECIAL OPERATIONS FOR AMERICA
P00003392,C00523241,2016,92.00,2,S,P00003392,C00523241,"CLINTON, HILLARY RODHAM / TIMOTHY MICHAEL KAINE",SPECIAL OPERATIONS FOR AMERICA
P00003392,C00523498,2016,150.00,2,S,P00003392,C00523498,"CLINTON, HILLARY RODHAM / TIMOTHY MICHAEL KAINE",COURAGE CAMPAIGN SUPER PAC
P00003392,C00523621,2016,4105928.50,69,S,P00003392,C00523621,"CLINTON, HILLARY RODHAM / TIMOTHY MICHAEL KAINE",UNITED WE CAN
P00003392,C00524454,2016,722786.78,221,O,P00003392,C00524454,"CLINTON, HILLARY RODHAM / TIMOTHY MICHAEL KAINE",CONSERVATIVE MAJORITY FUND
P00003392,C00526673,2016,1304478.70,18,S,P00003392,C00526673,"CLINTON, HILLARY RODHAM / TIMOTHY MICHAEL KAINE",FAIR SHARE ACTION
P00003392,C00527226,2016,21258.20,13,S,P00003392,C00527226,"CLINTON, HILLARY RODHAM / TIMOTHY MICHAEL KAINE",WE VOTE - NOSOTROS VOTAMOS - PPAMM COMMITTEE
P00003392,C00528307,2016,8307.12,2,O,P00003392,C00528307,"CLINTON, HILLARY RODHAM / TIMOTHY MICHAEL KAINE",PATRIOT VOICES PAC
P00003392,C00528448,2016,19318.58,4,S,P00003392,C00528448,"CLINTON, HILLARY RODHAM / TIMOTHY MICHAEL KAINE",UAW EDUCATION FUND
P00003392,C00530766,2016,540397.69,77,O,P00003392,C00530766,"CLINTON, HILLARY RODHAM / TIMOTHY MICHAEL KAINE",WOMEN SPEAK OUT PAC
P00003392,C00531624,2016,1412881.56,107,S,P00003392,C00531624,"CLINTON, HILLARY RODHAM / TIMOTHY MICHAEL KAINE",LOCAL VOICES
P00003392,C00531814,2016,421419.04,16,S,P00003392,C00531814,"CLINTON, HILLARY RODHAM / TIMOTHY MICHAEL KAINE",ENVIRONMENT AMERICA ACTION FUND
P00003392,C00540898,2016,378316.60,66,O,P00003392,C00540898,"CLINTON, HILLARY RODHAM / TIMOTHY MICHAEL KAINE",TEA PARTY PATRIOTS CITIZENS FUND
P00003392,C00542902,2016,72902.10,13,O,P00003392,C00542902,"CLINTON, HILLARY RODHAM / TIMOTHY MICHAEL KAINE",AMERICARISINGPAC.ORG
P00003392,C00543140,2016,4056.00,1,S,P00003392,C00543140,"CLINTON, HILLARY RODHAM / TIMOTHY MICHAEL KAINE",NINETY NINE PERCENT; THE
P00003392,C00543256,2016,763266.84,45,O,P00003392,C00543256,"CLINTON, HILLARY RODHAM / TIMOTHY MICHAEL KAINE",KENTUCKIANS FOR STRONG LEADERSHIP
P00003392,C00543256,2016,5300.00,3,S,P00003392,C00543256,"CLINTON, HILLARY RODHAM / TIMOTHY MICHAEL KAINE",KENTUCKIANS FOR STRONG LEADERSHIP
P00003392,C00544767,2016,3366157.45,142,O,P00003392,C00544767,"CLINTON, HILLARY RODHAM / TIMOTHY MICHAEL KAINE",STOP HILLARY PAC
P00003392,C00544767,2016,15442.21,1,S,P00003392,C00544767,"CLINTON, HILLARY RODHAM / TIMOTHY MICHAEL KAINE",STOP HILLARY PAC
P00003392,C00547349,2016,2420630.49,40,S,P00003392,C00547349,"CLINTON, HILLARY RODHAM / TIMOTHY MICHAEL KAINE",NEXTGEN CLIMATE ACTION COMMITTEE
P00003392,C00550566,2016,56637.08,7,S,P00003392,C00550566,"CLINTON, HILLARY RODHAM / TIMOTHY MICHAEL KAINE",CIVIC INNOVATION USA INC
P00003392,C00553560,2016,301667.82,1153,O,P00003392,C00553560,"CLINTON, HILLARY RODHAM / TIMOTHY MICHAEL KAINE",VIGOP (VIRGIN ISLANDS REPUBLICAN PARTY)
P00003392,C00553560,2016,12932.06,2,S,P00003392,C00553560,"CLINTON, HILLARY RODHAM / TIMOTHY MICHAEL KAINE",VIGOP (VIRGIN ISLANDS REPUBLICAN PARTY)
P00003392,C00556274,2016,19010.00,5,S,P00003392,C00556274,"CLINTON, HILLARY RODHAM / TIMOTHY MICHAEL KAINE",USW WORKS
P00003392,C00556860,2016,2486.16,8,S,P00003392,C00556860,"CLINTON, HILLARY RODHAM / TIMOTHY MICHAEL KAINE","PROTECTING CHOICE IN CALIFORNIA, A PROJECT OF PLANNED PARENTHOOD AFFILIATES OF CALIFORNIA"
P00003392,C00559906,2016,349440.00,10,O,P00003392,C00559906,"CLINTON, HILLARY RODHAM / TIMOTHY MICHAEL KAINE",AMERICAS PAC
P00003392,C00560599,2016,50500.00,19,O,P00003392,C00560599,"CLINTON, HILLARY RODHAM / TIMOTHY MICHAEL KAINE",BLACK CONSERVATIVES FUND
P00003392,C00560599,2016,2000.00,2,S,P00003392,C00560599,"CLINTON, HILLARY RODHAM / TIMOTHY MICHAEL KAINE",BLACK CONSERVATIVES FUND
P00003392,C00562777,2016,61152.58,2,S,P00003392,C00562777,"CLINTON, HILLARY RODHAM / TIMOTHY MICHAEL KAINE",LATINO VICTORY FUND
P00003392,C00562785,2016,22979.79,2,O,P00003392,C00562785,"CLINTON, HILLARY RODHAM / TIMOTHY MICHAEL KAINE",CAMPAIGN FOR JOBS AND OPPORTUNITY
P00003392,C00563759,2016,1470000.00,11,O,P00003392,C00563759,"CLINTON, HILLARY RODHAM / TIMOTHY MICHAEL KAINE",NATIONAL CAMPAIGN
P00003392,C00564690,2016,39365.00,10,S,P00003392,C00564690,"CLINTON, HILLARY RODHAM / TIMOTHY MICHAEL KAINE",CAPA21-FEDERAL
P00003392,C00564716,2016,38968.00,4,O,P00003392,C00564716,"CLINTON, HILLARY RODHAM / TIMOTHY MICHAEL KAINE",GROW WV INC
P00003392,C00564765,2016,36332.18,7,O,P00003392,C00564765,"CLINTON, HILLARY RODHAM / TIMOTHY MICHAEL KAINE","FREEDOM PARTNERS ACTION FUND, INC."
P00003392,C00566174,2016,1768599.36,678,O,P00003392,C00566174,"CLINTON, HILLARY RODHAM / TIMOTHY MICHAEL KAINE",TEA PARTY MAJORITY FUND
P00003392,C00566174,2016,25285.39,50,S,P00003392,C00566174,"CLINTON, HILLARY RODHAM / TIMOTHY MICHAEL KAINE",TEA PARTY MAJORITY FUND
P00003392,C00566208,2016,1660.03,3,S,P00003392,C00566208,"CLINTON, HILLARY RODHAM / TIMOTHY MICHAEL KAINE",EVERY VOICE ACTION
P00003392,C00568931,2016,131674.39,48,S,P00003392,C00568931,"CLINTON, HILLARY RODHAM / TIMOTHY MICHAEL KAINE",MI PLANNED PARENTHOOD VOTES
P00003392,C00569517,2016,14410.04,4,O,P00003392,C00569517,"CLINTON, HILLARY RODHAM / TIMOTHY MICHAEL KAINE",CITIZEN SUPER PAC
P00003392,C00569731,2016,697.60,3,S,P00003392,C00569731,"CLINTON, HILLARY RODHAM / TIMOTHY MICHAEL KAINE",FIRST GENTLEMAN
P00003392,C00569905,2016,521110.41,99,O,P00003392,C00569905,"CLINTON, HILLARY RODHAM / TIMOTHY MICHAEL KAINE",THE 2016 COMMITTEE
P00003392,C00569905,2016,708.87,1,S,P00003392,C00569905,"CLINTON, HILLARY RODHAM / TIMOTHY MICHAEL KAINE",THE 2016 COMMITTEE
P00003392,C00570903,2016,5000.00,1,O,P00003392,C00570903,"CLINTON, HILLARY RODHAM / TIMOTHY MICHAEL KAINE",RESTORE AMERICAN FREEDOM AND LIBERTY
P00003392,C00571588,2016,509572.00,20,O,P00003392,C00571588,"CLINTON, HILLARY RODHAM / TIMOTHY MICHAEL KAINE",RESTORATION PAC
P00003392,C00572792,2016,164500.00,8,O,P00003392,C00572792,"CLINTON, HILLARY RODHAM / TIMOTHY MICHAEL KAINE",VICTORY 2016
P00003392,C00573725,2016,230.28,1,S,P00003392,C00573725,"CLINTON, HILLARY RODHAM / TIMOTHY MICHAEL KAINE",TEXAS FEDERAL BLUE SEED PAC
P00003392,C00573741,2016,109.97,1,S,P00003392,C00573741,"CLINTON, HILLARY RODHAM / TIMOTHY MICHAEL KAINE",AMERICA'S TEACHERS
P00003392,C00573790,2016,12390.30,8,S,P00003392,C00573790,"CLINTON, HILLARY RODHAM / TIMOTHY MICHAEL KAINE",AMERICA'S OPPORTUNITY FUND
P00003392,C00574061,2016,4000.00,1,O,P00003392,C00574061,"CLINTON, HILLARY RODHAM / TIMOTHY MICHAEL KAINE",LOUISIANA VICTORY FUND
P00003392,C00574178,2016,11072.78,3,O,P00003392,C00574178,"CLINTON, HILLARY RODHAM / TIMOTHY MICHAEL KAINE",RIGHT TO LIFE OF MICHIGAN VICTORY FUND
P00003392,C00574533,2016,24195702.19,208,O,P00003392,C00574533,"CLINTON, HILLARY RODHAM / TIMOTHY MICHAEL KAINE",FUTURE45
P00003392,C00574681,2016,235000.00,10,O,P00003392,C00574681,"CLINTON, HILLARY RODHAM / TIMOTHY MICHAEL KAINE",VOTER EDUCATION
P00003392,C00575373,2016,4356616.50,39,O,P00003392,C00575373,"CLINTON, HILLARY RODHAM / TIMOTHY MICHAEL KAINE",MAKE AMERICA NUMBER 1
P00003392,C00581934,2016,4058740.81,15,O,P00003392,C00581934,"CLINTON, HILLARY RODHAM / TIMOTHY MICHAEL KAINE",REFORM AMERICA FUND
P00003392,C00582775,2016,409.76,1,S,P00003392,C00582775,"CLINTON, HILLARY RODHAM / TIMOTHY MICHAEL KAINE",LIBERTY PA 2016
P00003392,C00586610,2016,191820.01,9,S,P00003392,C00586610,"CLINTON, HILLARY RODHAM / TIMOTHY MICHAEL KAINE",STAND UP FOR OHIO PAC
P00003392,C00587022,2016,101.03,2,O,P00003392,C00587022,"CLINTON, HILLARY RODHAM / TIMOTHY MICHAEL KAINE",COURAGEOUS CONSERVATIVES PAC
P00003392,C00589507,2016,93674.19,36,S,P00003392,C00589507,"CLINTON, HILLARY RODHAM / TIMOTHY MICHAEL KAINE",AAPI VICTORY FUND
P00003392,C00596973,2016,480486.50,10,O,P00003392,C00596973,"CLINTON, HILLARY RODHAM / TIMOTHY MICHAEL KAINE",FUTURE IN AMERICA INC.
P00003392,C00608489,2016,4513.32,1,O,P00003392,C00608489,"CLINTON, HILLARY RODHAM / TIMOTHY MICHAEL KAINE",GREAT AMERICA PAC
P00003392,C00609388,2016,1026614.05,9,S,P00003392,C00609388,"CLINTON, HILLARY RODHAM / TIMOTHY MICHAEL KAINE",BLACK PAC
P00003392,C00612820,2016,3460179.03,56,S,P00003392,C00612820,"CLINTON, HILLARY RODHAM / TIMOTHY MICHAEL KAINE",IMMIGRANT VOTERS WIN PAC
P00003392,C00613091,2016,2996.56,2,O,P00003392,C00613091,"CLINTON, HILLARY RODHAM / TIMOTHY MICHAEL KAINE",WISCONSIN RIGHT TO LIFE VICTORY FUND
P00003392,C00614388,2016,29.95,1,S,P00003392,C00614388,"CLINTON, HILLARY RODHAM / TIMOTHY MICHAEL KAINE",AMERICA'S WORKERS PAC
P00003392,C00614396,2016,11490.65,23,O,P00003392,C00614396,"CLINTON, HILLARY RODHAM / TIMOTHY MICHAEL KAINE",FUND THIS ADVERT
P00003392,C00614453,2016,134601.64,48,O,P00003392,C00614453,"CLINTON, HILLARY RODHAM / TIMOTHY MICHAEL KAINE",HISPANIC VICTORY PAC
P00003392,C00616169,2016,705352.10,6,S,P00003392,C00616169,"CLINTON, HILLARY RODHAM / TIMOTHY MICHAEL KAINE",FORWARD FOR A BETTER FUTURE
P00003392,C00618876,2016,17072458.93,43,O,P00003392,C00618876,"CLINTON, HILLARY RODHAM / TIMOTHY MICHAEL KAINE",REBUILDING AMERICA NOW
P00003392,C00618876,2016,81000.00,2,S,P00003392,C00618876,"CLINTON, HILLARY RODHAM / TIMOTHY MICHAEL KAINE",REBUILDING AMERICA NOW
P00003392,C00619593,2016,191221.24,9,S,P00003392,C00619593,"CLINTON, HILLARY RODHAM / TIMOTHY MICHAEL KAINE",HUMANITY FOR PROGRESS
P00003392,C00620583,2016,150.00,1,O,P00003392,C00620583,"CLINTON, HILLARY RODHAM / TIMOTHY MICHAEL KAINE",WORKING AMERICA COALITION
P00003392,C00620583,2016,209878.72,198,S,P00003392,C00620583,"CLINTON, HILLARY RODHAM / TIMOTHY MICHAEL KAINE",WORKING AMERICA COALITION
P00003392,C00620922,2016,233027.86,42,S,P00003392,C00620922,"CLINTON, HILLARY RODHAM / TIMOTHY MICHAEL KAINE",JEWS FOR PROGRESS
P00003392,C00620971,2016,40420.24,1,O,P00003392,C00620971,"CLINTON, HILLARY RODHAM / TIMOTHY MICHAEL KAINE",FOR OUR FUTURE
P00003392,C00620971,2016,3286023.20,169,S,P00003392,C00620971,"CLINTON, HILLARY RODHAM / TIMOTHY MICHAEL KAINE",FOR OUR FUTURE
P00003392,C00621995,2016,62778.72,37,S,P00003392,C00621995,"CLINTON, HILLARY RODHAM / TIMOTHY MICHAEL KAINE",OHIO VOTER FUND POLITICAL ACTION COMMITTEE
P00003392,C00622043,2016,35308.03,7,S,P00003392,C00622043,"CLINTON, HILLARY RODHAM / TIMOTHY MICHAEL KAINE",PROSPERITY WITH ACCOUNTABILITY
P00003392,C00622647,2016,80102.78,12,S,P00003392,C00622647,"CLINTON, HILLARY RODHAM / TIMOTHY MICHAEL KAINE",WE'VE GOT YOUR BACKPAC
P00003392,C00623355,2016,4135.35,2,S,P00003392,C00623355,"CLINTON, HILLARY RODHAM / TIMOTHY MICHAEL KAINE",NATIONAL TREASURY EMPLOYEES UNION ADVOCACY COMMITTEE
P00003392,C00623413,2016,642890.07,13,S,P00003392,C00623413,"CLINTON, HILLARY RODHAM / TIMOTHY MICHAEL KAINE",HARD HATS FOR AMERICA
P00003392,C00623439,2016,29231.49,3,S,P00003392,C00623439,"CLINTON, HILLARY RODHAM / TIMOTHY MICHAEL KAINE",ESSENTIAL LIBERTY PAC
P00003392,C00623470,2016,8279.68,6,O,P00003392,C00623470,"CLINTON, HILLARY RODHAM / TIMOTHY MICHAEL KAINE","MAKING AMERICA GREAT AGAIN, LLC"
P00003392,C00623595,2016,933.60,1,S,P00003392,C00623595,"CLINTON, HILLARY RODHAM / TIMOTHY MICHAEL KAINE",PA COMMON SENSE
P00003392,C00624056,2016,122417.63,10,S,P00003392,C00624056,"CLINTON, HILLARY RODHAM / TIMOTHY MICHAEL KAINE",EDUCATORS FOR OHIO
P00003392,C00624171,2016,105.00,2,S,P00003392,C00624171,"CLINTON, HILLARY RODHAM / TIMOTHY MICHAEL KAINE",AMERICAN MUSLIM WOMEN (AMW)
P00003392,C00624817,2016,285258.20,43,S,P00003392,C00624817,"CLINTON, HILLARY RODHAM / TIMOTHY MICHAEL KAINE",EARN INTERNATIONAL UNION OF OPERATING ENGINEERS
P00003392,C00625285,2016,33957.00,2,O,P00003392,C00625285,"CLINTON, HILLARY RODHAM / TIMOTHY MICHAEL KAINE",PHYLLIS SCHLAFLY'S EAGLE PAC
P00003392,C00625509,2016,913619.29,14,S,P00003392,C00625509,"CLINTON, HILLARY RODHAM / TIMOTHY MICHAEL KAINE",R4C16
P00003392,C00625533,2016,803356.97,20,S,P00003392,C00625533,"CLINTON, HILLARY RODHAM / TIMOTHY MICHAEL KAINE",NEW AMERICAN JOBS FUND
P00003392,C00625566,2016,235618.97,9,O,P00003392,C00625566,"CLINTON, HILLARY RODHAM / TIMOTHY MICHAEL KAINE",VALOR AMERICA
P00003392,C00625749,2016,10354.50,6,S,P00003392,C00625749,"CLINTON, HILLARY RODHAM / TIMOTHY MICHAEL KAINE",IOWAN'S FOR A PROSPEROUS AND SAFER AMERICA
P00003392,C00626119,2016,0.00,1,S,P00003392,C00626119,"CLINTON, HILLARY RODHAM / TIMOTHY MICHAEL KAINE",COMMITTEE FOR WORKING FAMILIES SPONSORED BY THE CALIFORNIA LABOR FEDERATION AFL-CIO
P00003392,C00626390,2016,307533.64,20,S,P00003392,C00626390,"CLINTON, HILLARY RODHAM / TIMOTHY MICHAEL KAINE",NCLR ACTION PAC
P00003392,C00626432,2016,125000.00,1,O,P00003392,C00626432,"CLINTON, HILLARY RODHAM / TIMOTHY MICHAEL KAINE",RALLYPAC
P00003392,C00626580,2016,844.36,2,S,P00003392,C00626580,"CLINTON, HILLARY RODHAM / TIMOTHY MICHAEL KAINE",DIVERSITY POLITICAL COALITION
P00003392,C00626689,2016,2900.00,2,O,P00003392,C00626689,"CLINTON, HILLARY RODHAM / TIMOTHY MICHAEL KAINE",JEWISH FLORIDIANS FOR AMERICA'S FUTURE
P00003392,C00626861,2016,7884.39,2,S,P00003392,C00626861,"CLINTON, HILLARY RODHAM / TIMOTHY MICHAEL KAINE",WORKING FAMILIES PARTY INDEPENDENT EXPENDITURE COMMITTEE
P00003392,C00627240,2016,412.50,1,S,P00003392,C00627240,"CLINTON, HILLARY RODHAM / TIMOTHY MICHAEL KAINE",WORKING MICHIGAN (SUPERPAC)
P00003392,C00627356,2016,2560.60,3,S,P00003392,C00627356,"CLINTON, HILLARY RODHAM / TIMOTHY MICHAEL KAINE",WEST HOLLYWOOD/BEVERLY HILLS DEMOCRATIC HEADQUARTERS COMMITTEE
P00003392,C00627836,2016,1294.88,1,S,P00003392,C00627836,"CLINTON, HILLARY RODHAM / TIMOTHY MICHAEL KAINE",NAPOLEON PAC
P00003392,C00627844,2016,3893.00,1,S,P00003392,C00627844,"CLINTON, HILLARY RODHAM / TIMOTHY MICHAEL KAINE",STRONGER LOUISIANA PAC
P00003392,C00628115,2016,18232.99,5,O,P00003392,C00628115,"CLINTON, HILLARY RODHAM / TIMOTHY MICHAEL KAINE",MISSOURI RIGT TO LIFE VICTORY FUND
P00003392,C00628255,2016,1800.00,3,S,P00003392,C00628255,"CLINTON, HILLARY RODHAM / TIMOTHY MICHAEL KAINE",CHINESE AMERICANS FOR KEEPING AMERICA GREAT
P00003392,C90004185,2016,21001.90,5,S,P00003392,C90004185,"CLINTON, HILLARY RODHAM / TIMOTHY MICHAEL KAINE",NARAL PRO-CHOICE AMERICA
P00003392,C90005471,2016,170146.11,22,S,P00003392,C90005471,"CLINTON, HILLARY RODHAM / TIMOTHY MICHAEL KAINE",PLANNED PARENTHOOD ACTION FUND INC
P00003392,C90005786,2016,165375.64,68,S,P00003392,C90005786,"CLINTON, HILLARY RODHAM / TIMOTHY MICHAEL KAINE",LEAGUE OF CONSERVATION VOTERS INC
P00003392,C90006149,2016,9415.37,10,S,P00003392,C90006149,"CLINTON, HILLARY RODHAM / TIMOTHY MICHAEL KAINE",PLANNED PARENTHOOD ADVOCACY PROJECT LOS ANGELES COUNTY
P00003392,C90006701,2016,35.21,3,S,P00003392,C90006701,"CLINTON, HILLARY RODHAM / TIMOTHY MICHAEL KAINE",THE PLANNED PARENTHOOD ACTION FUND OF
P00003392,C90007543,2016,5486.43,13,S,P00003392,C90007543,"CLINTON, HILLARY RODHAM / TIMOTHY MICHAEL KAINE",PLANNED PARENTHOOD OF MN ACTION FUND
P00003392,C90008186,2016,45000.00,4,O,P00003392,C90008186,"CLINTON, HILLARY RODHAM / TIMOTHY MICHAEL KAINE",FOCUS ON THE FAMILY ACTION
P00003392,C90008293,2016,1578.73,5,S,P00003392,C90008293,"CLINTON, HILLARY RODHAM / TIMOTHY MICHAEL KAINE",PLANNED PARENTHOOD OF NASSAU COUNTY ACTION FUND
P00003392,C90010570,2016,1321.17,9,S,P00003392,C90010570,"CLINTON, HILLARY RODHAM / TIMOTHY MICHAEL KAINE",FAIR SHARE ALLIANCE INC
P00003392,C90010646,2016,148879.69,310,S,P00003392,C90010646,"CLINTON, HILLARY RODHAM / TIMOTHY MICHAEL KAINE",FEMINIST MAJORITY
P00003392,C90011156,2016,2003186.10,54623,S,P00003392,C90011156,"CLINTON, HILLARY RODHAM / TIMOTHY MICHAEL KAINE",WORKING AMERICA
P00003392,C90011172,2016,120875.94,56,S,P00003392,C90011172,"CLINTON, HILLARY RODHAM / TIMOTHY MICHAEL KAINE",AMERICAN FEDERATION OF STATE COUNTY AND MUNICIPAL EMPLOYEES AFL-CIO
P00003392,C90011313,2016,429524.16,63,O,P00003392,C90011313,"CLINTON, HILLARY RODHAM / TIMOTHY MICHAEL KAINE",SUSAN B ANTHONY LIST INC
P00003392,C90011412,2016,2515.51,6,S,P00003392,C90011412,"CLINTON, HILLARY RODHAM / TIMOTHY MICHAEL KAINE",PLANNED PARENTHOOD ACTION FUND OF THE PACIFIC SOUTHWEST
P00003392,C90011438,2016,186.27,2,S,P00003392,C90011438,"CLINTON, HILLARY RODHAM / TIMOTHY MICHAEL KAINE",FLORIDA NEW MAJORITY
P00003392,C90011693,2016,3827.00,2,O,P00003392,C90011693,"CLINTON, HILLARY RODHAM / TIMOTHY MICHAEL KAINE","GUN OWNERS OF AMERICA, INC."
P00003392,C90011800,2016,509080.00,9,O,P00003392,C90011800,"CLINTON, HILLARY RODHAM / TIMOTHY MICHAEL KAINE",CATHOLICVOTE.ORG
P00003392,C90012071,2016,110898.95,7,S,P00003392,C90012071,"CLINTON, HILLARY RODHAM / TIMOTHY MICHAEL KAINE",PEOPLE FOR THE AMERICAN WAY
P00003392,C90012626,2016,32219.47,12,S,P00003392,C90012626,"CLINTON, HILLARY RODHAM / TIMOTHY MICHAEL KAINE",HUMAN RIGHTS CAMPAIGN
P00003392,C90012949,2016,6158.25,1,O,P00003392,C90012949,"CLINTON, HILLARY RODHAM / TIMOTHY MICHAEL KAINE",PROGRESS PROJECT
P00003392,C90013301,2016,12307930.26,30,O,P00003392,C90013301,"CLINTON, HILLARY RODHAM / TIMOTHY MICHAEL KAINE",NATIONAL RIFLE ASSOCIATION INSTITUTE FOR LEGISLATIVE ACTION
P00003392,C90014085,2016,51500.00,4,O,P00003392,C90014085,"CLINTON, HILLARY RODHAM / TIMOTHY MICHAEL KAINE",THE CATHOLIC ASSOCIATION
P00003392,C90014119,2016,8687.35,6,S,P00003392,C90014119,"CLINTON, HILLARY RODHAM / TIMOTHY MICHAEL KAINE",PLANNED PARENTHOOD VOTES NORTHWEST
P00003392,C90014242,2016,1837.78,7,S,P00003392,C90014242,"CLINTON, HILLARY RODHAM / TIMOTHY MICHAEL KAINE",PLANNED PARENTHOOD SHASTA PACIFIC ACTION FUND
P00003392,C90014788,2016,1000.00,1,O,P00003392,C90014788,"CLINTON, HILLARY RODHAM / TIMOTHY MICHAEL KAINE",AMERICA INC.
P00003392,C90015025,2016,19196.11,45,S,P00003392,C90015025,"CLINTON, HILLARY RODHAM / TIMOTHY MICHAEL KAINE",EVERYTOWN FOR GUN SAFETY ACTION FUND
P00003392,C90015140,2016,178350.00,3,S,P00003392,C90015140,"CLINTON, HILLARY RODHAM / TIMOTHY MICHAEL KAINE",AFT SOLIDARITY
P00003392,C90015181,2016,113750.00,3,S,P00003392,C90015181,"CLINTON, HILLARY RODHAM / TIMOTHY MICHAEL KAINE",LATINO VICTORY PROJECT
P00003392,C90015215,2016,191471.86,75,S,P00003392,C90015215,"CLINTON, HILLARY RODHAM / TIMOTHY MICHAEL KAINE",CASA IN ACTION INC.
P00003392,C90015322,2016,7180.00,1,S,P00003392,C90015322,"CLINTON, HILLARY RODHAM / TIMOTHY MICHAEL KAINE","NATIONAL COUNCIL OF LA RAZA ACTION FUND, INC."
P00003392,C90015447,2016,9178.25,6,O,P00003392,C90015447,"CLINTON, HILLARY RODHAM / TIMOTHY MICHAEL KAINE",TABLE TALK LLC
P00003392,C90015678,2016,12429.61,10,S,P00003392,C90015678,"CLINTON, HILLARY RODHAM / TIMOTHY MICHAEL KAINE",AMERICA'S RENEWABLE FUTURE INC
P00003392,C90015710,2016,288483.94,100,S,P00003392,C90015710,"CLINTON, HILLARY RODHAM / TIMOTHY MICHAEL KAINE",LABORERS POLITICAL LEAGUE - EDUCATION FUND
P00003392,C90015975,2016,29114.00,3,O,P00003392,C90015975,"CLINTON, HILLARY RODHAM / TIMOTHY MICHAEL KAINE",COUNCIL FOR CITIZENS AGAINST GOVERNMENT WASTE
P00003392,C90015991,2016,397.74,3,S,P00003392,C90015991,"CLINTON, HILLARY RODHAM / TIMOTHY MICHAEL KAINE",JIM OWLES LIBERAL DEMOCRATIC CLUB
P00003392,C90016072,2016,14150.00,10,S,P00003392,C90016072,"CLINTON, HILLARY RODHAM / TIMOTHY MICHAEL KAINE",BEND THE ARC JEWISH ACTION INC
P00003392,C90016106,2016,171116.16,48,S,P00003392,C90016106,"CLINTON, HILLARY RODHAM / TIMOTHY MICHAEL KAINE",AFL-CIO COMMITTEE ON POLITICAL EDUCATION TREASURY FUND
P00003392,C90016205,2016,48672.43,52,S,P00003392,C90016205,"CLINTON, HILLARY RODHAM / TIMOTHY MICHAEL KAINE",ONE PITTSBURGH
P00003392,C90016247,2016,2968.19,5,S,P00003392,C90016247,"CLINTON, HILLARY RODHAM / TIMOTHY MICHAEL KAINE",ULTRAVIOLET ACTION
P00003392,C90016288,2016,199399.84,10,S,P00003392,C90016288,"CLINTON, HILLARY RODHAM / TIMOTHY MICHAEL KAINE",IAMERICA ACTION
P00003392,C90016338,2016,221356.10,15,S,P00003392,C90016338,"CLINTON, HILLARY RODHAM / TIMOTHY MICHAEL KAINE",SIXTEEN THIRTY FUND/MAKE IT WORK ACTION
P00003392,C90016551,2016,15514.80,17,S,P00003392,C90016551,"CLINTON, HILLARY RODHAM / TIMOTHY MICHAEL KAINE",TEXAS ORGANIZING PROJECT PAC
P00003392,C90016577,2016,24720.23,4,S,P00003392,C90016577,"CLINTON, HILLARY RODHAM / TIMOTHY MICHAEL KAINE",MAKE THE ROAD ACTION INC.
P00003392,C90016726,2016,17935.77,9,S,P00003392,C90016726,"CLINTON, HILLARY RODHAM / TIMOTHY MICHAEL KAINE",AFRICAN AMERICAN VOTER REGISTRATION EDUCATION AND PARTICIPATION PROJECT
P00003392,C90016742,2016,25194.45,34,S,P00003392,C90016742,"CLINTON, HILLARY RODHAM / TIMOTHY MICHAEL KAINE",NC LATINO POWER
P00003392,C90016791,2016,10500.00,1,S,P00003392,C90016791,"CLINTON, HILLARY RODHAM / TIMOTHY MICHAEL KAINE",ASIAN PACIFIC AMERICANS FOR PROGRESS
P00003392,C90017187,2016,401.38,2,S,P00003392,C90017187,"CLINTON, HILLARY RODHAM / TIMOTHY MICHAEL KAINE",SUPPORT OUR SENIORS
P00003392,C90017211,2016,881.53,1,S,P00003392,C90017211,"CLINTON, HILLARY RODHAM / TIMOTHY MICHAEL KAINE",PARENTSTOGETHER ACTION
P00003392,C90017237,2016,270.95,2,S,P00003392,C90017237,"CLINTON, HILLARY RODHAM / TIMOTHY MICHAEL KAINE",ORGANIZE NOW
P00003392,C90017336,2016,49462.21,2,S,P00003392,C90017336,"CLINTON, HILLARY RODHAM / TIMOTHY MICHAEL KAINE","LUDWIG, EUGENE"
P00003392,C99002396,2016,84434.05,14,O,P00003392,C99002396,"CLINTON, HILLARY RODHAM / TIMOTHY MICHAEL KAINE",AMERICAN POLITICAL ACTION COMMITTEE
P00003392,C99002396,2016,124.02,1,S,P00003392,C99002396,"CLINTON, HILLARY RODHAM / TIMOTHY MICHAEL KAINE",AMERICAN POLITICAL ACTION COMMITTEE
P20002671,C00141572,2016,1575.48,5,O,P20002671,C00141572,"JOHNSON, GARY / WILLIAM ""BILL"" WELD",RIGHT TO LIFE/OREGON PAC
P20002671,C00544569,2016,2066513.00,14,S,P20002671,C00544569,"JOHNSON, GARY / WILLIAM ""BILL"" WELD",PURPLE PAC INC
P20002671,C00547349,2016,375000.00,2,O,P20002671,C00547349,"JOHNSON, GARY / WILLIAM ""BILL"" WELD",NEXTGEN CLIMATE ACTION COMMITTEE
P20002671,C00549279,2016,5866.00,2,S,P20002671,C00549279,"JOHNSON, GARY / WILLIAM ""BILL"" WELD",FIGHT FOR TOMORROW
P20002671,C00588814,2016,6350.00,1,S,P20002671,C00588814,"JOHNSON, GARY / WILLIAM ""BILL"" WELD",FREEDOM AND LIBERTY PAC
P20002671,C00612846,2016,625.71,4,O,P20002671,C00612846,"JOHNSON, GARY / WILLIAM ""BILL"" WELD",THE DEMOCRATIC COALITION
P20002671,C00618843,2016,1117029.88,21,S,P20002671,C00618843,"JOHNSON, GARY / WILLIAM ""BILL"" WELD",ALTERNATIVEPAC
P20002671,C00624429,2016,1637.95,2,S,P20002671,C00624429,"JOHNSON, GARY / WILLIAM ""BILL"" WELD",REPUBLICANS FOR JOHNSON-WELD
P20002671,C00624692,2016,15776.19,10,S,P20002671,C00624692,"JOHNSON, GARY / WILLIAM ""BILL"" WELD","AMERICANS DESERVE BETTER PAC, INC."
P20002671,C00626762,2016,9800.00,1,S,P20002671,C00626762,"JOHNSON, GARY / WILLIAM ""BILL"" WELD",LOKI PAC
P20002671,C90010646,2016,53.73,2,O,P20002671,C90010646,"JOHNSON, GARY / WILLIAM ""BILL"" WELD",FEMINIST MAJORITY
P20002721,C00580324,2016,161208.00,5,S,P20002721,C00580324,"SANTORUM, RICHARD J.",WORKING AGAIN PAC
P20002721,C90012626,2016,1052.38,3,O,P20002721,C90012626,"SANTORUM, RICHARD J.",HUMAN RIGHTS CAMPAIGN
P20002721,C90015678,2016,8366.45,11,S,P20002721,C90015678,"SANTORUM, RICHARD J.",AMERICA'S RENEWABLE FUTURE INC
P20003281,C00573634,2016,1859326.00,18,S,P20003281,C00573634,"PERRY, JAMES R (RICK)",OPPORTUNITY AND FREEDOM PAC
P20003281,C90005471,2016,4681.42,2,O,P20003281,C90005471,"PERRY, JAMES R (RICK)",PLANNED PARENTHOOD ACTION FUND INC
P40003576,C00432260,2016,465.90,6,S,P40003576,C00432260,"PAUL, RAND",CLUB FOR GROWTH PAC
P40003576,C00487470,2016,91.96,3,S,P40003576,C00487470,"PAUL, RAND",CLUB FOR GROWTH ACTION
P40003576,C00525899,2016,2971849.52,69,S,P40003576,C00525899,"PAUL, RAND",CONCERNED AMERICAN VOTERS
P40003576,C00532572,2016,1673395.77,12,S,P40003576,C00532572,"PAUL, RAND",AMERICA'S LIBERTY PAC
P40003576,C00538827,2016,8545.21,18,S,P40003576,C00538827,"PAUL, RAND",HUMAN ACTION SUPER PAC
P40003576,C00544569,2016,671624.00,6,S,P40003576,C00544569,"PAUL, RAND",PURPLE PAC INC
P40003576,C00572867,2016,11380.00,35,S,P40003576,C00572867,"PAUL, RAND",FOREVER FREE PAC
P40003576,C90005471,2016,5920.83,4,O,P40003576,C90005471,"PAUL, RAND",PLANNED PARENTHOOD ACTION FUND INC
P40003576,C90015678,2016,8366.47,11,O,P40003576,C90015678,"PAUL, RAND",AMERICA'S RENEWABLE FUTURE INC
P60003670,C00004036,2016,12.88,1,O,P60003670,C00004036,"KASICH, JOHN R",SEIU COPE (SERVICE EMPLOYEES INTERNATIONAL UNION COMMITTEE ON POLITICAL EDUCATION)
P60003670,C00432260,2016,24.07,1,O,P60003670,C00432260,"KASICH, JOHN R",CLUB FOR GROWTH PAC
P60003670,C00487470,2016,467234.88,16,O,P60003670,C00487470,"KASICH, JOHN R",CLUB FOR GROWTH ACTION
P60003670,C00495861,2016,769.23,1,O,P60003670,C00495861,"KASICH, JOHN R",PRIORITIES USA ACTION
P60003670,C00541292,2016,1134229.90,13,O,P60003670,C00541292,"KASICH, JOHN R",CONSERVATIVE SOLUTIONS PAC
P60003670,C00552422,2016,20737.01,3,O,P60003670,C00552422,"KASICH, JOHN R",VALUES ARE VITAL
P60003670,C00571372,2016,570487.71,25,O,P60003670,C00571372,"KASICH, JOHN R",RIGHT TO RISE USA
P60003670,C00573055,2016,634881.50,7,O,P60003670,C00573055,"KASICH, JOHN R",AMERICA LEADS
P60003670,C00581868,2016,11001240.93,141,S,P60003670,C00581868,"KASICH, JOHN R",NEW DAY FOR AMERICA
P60003670,C00582973,2016,3848151.79,20,S,P60003670,C00582973,"KASICH, JOHN R",NEW DAY INDEPENDENT MEDIA COMMITTEE INC
P60003670,C00603621,2016,1764.72,1,S,P60003670,C00603621,"KASICH, JOHN R",OUR PRINCIPLES PAC
P60003670,C00609511,2016,1368366.68,9,O,P60003670,C00609511,"KASICH, JOHN R",TRUSTED LEADERSHIP PAC
P60003670,C90004185,2016,1080.99,1,O,P60003670,C90004185,"KASICH, JOHN R",NARAL PRO-CHOICE AMERICA
P60003670,C90005471,2016,11002.24,8,O,P60003670,C90005471,"KASICH, JOHN R",PLANNED PARENTHOOD ACTION FUND INC
P60003670,C90009945,2016,287184.03,5,O,P60003670,C90009945,"KASICH, JOHN R",CLUB FOR GROWTH
P60003670,C90010588,2016,7899.75,3,S,P60003670,C90010588,"KASICH, JOHN R","WADE, JOHN EVAN II"
P60003670,C90015678,2016,8366.46,11,S,P60003670,C90015678,"KASICH, JOHN R",AMERICA'S RENEWABLE FUTURE INC
P60005196,C00432260,2016,245.85,3,S,P60005196,C00432260,"WALKER, DORIS V",CLUB FOR GROWTH PAC
P60005915,C00235853,2016,158.69,3,O,P60005915,C00235853,"CARSON, BENJAMIN S SR MD",HUMAN RIGHTS CAMPAIGN PAC
P60005915,C00300921,2016,9888.00,3,S,P60005915,C00300921,"CARSON, BENJAMIN S SR MD",BLACK AMERICA'S POLITICAL ACTION COMMITTEE
P60005915,C00487470,2016,111.97,5,O,P60005915,C00487470,"CARSON, BENJAMIN S SR MD",CLUB FOR GROWTH ACTION
P60005915,C00495861,2016,1538.46,1,O,P60005915,C00495861,"CARSON, BENJAMIN S SR MD",PRIORITIES USA ACTION
P60005915,C00536664,2016,3014.83,8,S,P60005915,C00536664,"CARSON, BENJAMIN S SR MD",DEFENDERS OF FREEDOM AND SECURITY
P60005915,C00569905,2016,5136241.77,380,S,P60005915,C00569905,"CARSON, BENJAMIN S SR MD",THE 2016 COMMITTEE
P60005915,C00570903,2016,1000.00,1,S,P60005915,C00570903,"CARSON, BENJAMIN S SR MD",RESTORE AMERICAN FREEDOM AND LIBERTY
P60005915,C00575118,2016,1000.00,1,S,P60005915,C00575118,"CARSON, BENJAMIN S SR MD",CONSERVATIVE LIBERTY COALITION
P60005915,C00577296,2016,90000.00,7,S,P60005915,C00577296,"CARSON, BENJAMIN S SR MD",OUR CHILDREN'S FUTURE
P60005915,C90005471,2016,6250.02,6,O,P60005915,C90005471,"CARSON, BENJAMIN S SR MD",PLANNED PARENTHOOD ACTION FUND INC
P60005915,C90012626,2016,1001.58,3,O,P60005915,C90012626,"CARSON, BENJAMIN S SR MD",HUMAN RIGHTS CAMPAIGN
P60005915,C90015678,2016,8366.45,11,S,P60005915,C90015678,"CARSON, BENJAMIN S SR MD",AMERICA'S RENEWABLE FUTURE INC
P60005915,C90015702,2016,54675.00,3,S,P60005915,C90015702,"CARSON, BENJAMIN S SR MD",EXTRAORDINARY AMERICA
P60006046,C00004036,2016,12.89,1,O,P60006046,C00004036,"WALKER, SCOTT",SEIU COPE (SERVICE EMPLOYEES INTERNATIONAL UNION COMMITTEE ON POLITICAL EDUCATION)
P60006046,C00495861,2016,7018.60,9,O,P60006046,C00495861,"WALKER, SCOTT",PRIORITIES USA ACTION
P60006046,C00572792,2016,4972.90,1,S,P60006046,C00572792,"WALKER, SCOTT",VICTORY 2016
P60006046,C00573147,2016,5637.10,9,S,P60006046,C00573147,"WALKER, SCOTT","GO BIG GO BOLD PAC, INC."
P60006046,C00576108,2016,2249021.20,187,S,P60006046,C00576108,"WALKER, SCOTT",UNINTIMIDATED PAC INC
P60006046,C90005471,2016,11195.62,6,O,P60006046,C90005471,"WALKER, SCOTT",PLANNED PARENTHOOD ACTION FUND INC
P60006111,C00004036,2016,307036.63,11,O,P60006111,C00004036,"CRUZ, RAFAEL EDWARD ""TED""",SEIU COPE (SERVICE EMPLOYEES INTERNATIONAL UNION COMMITTEE ON POLITICAL EDUCATION)
P60006111,C00111278,2016,451.04,1,S,P60006111,C00111278,"CRUZ, RAFAEL EDWARD ""TED""",NATIONAL RIGHT TO LIFE POLITICAL ACTION COMMITTEE
P60006111,C00157537,2016,239.14,32,O,P60006111,C00157537,"CRUZ, RAFAEL EDWARD ""TED""",WEST VIRGINIANS FOR LIFE INC POLITICAL ACTION COMMITTEE
P60006111,C00157537,2016,5254.22,108,S,P60006111,C00157537,"CRUZ, RAFAEL EDWARD ""TED""",WEST VIRGINIANS FOR LIFE INC POLITICAL ACTION COMMITTEE
P60006111,C00173278,2016,24788.94,3,S,P60006111,C00173278,"CRUZ, RAFAEL EDWARD ""TED""",WISCONSIN RIGHT TO LIFE POLITICAL ACTION COMMITTEE
P60006111,C00235853,2016,158.69,3,O,P60006111,C00235853,"CRUZ, RAFAEL EDWARD ""TED""",HUMAN RIGHTS CAMPAIGN PAC
P60006111,C00278101,2016,126.54,1,S,P60006111,C00278101,"CRUZ, RAFAEL EDWARD ""TED""","GUN OWNERS OF AMERICA, INC. POLITICAL VICTORY FUND"
P60006111,C00298000,2016,28560.12,4,S,P60006111,C00298000,"CRUZ, RAFAEL EDWARD ""TED""",MADISON PROJECT INC.
P60006111,C00365536,2016,16423.02,2,O,P60006111,C00365536,"CRUZ, RAFAEL EDWARD ""TED""",CHC BOLD PAC
P60006111,C00426528,2016,2951.17,6,S,P60006111,C00426528,"CRUZ, RAFAEL EDWARD ""TED""",RHODE ISLAND STATE RIGHT TO LIFE COMMITTEE INC FEDERAL PAC
P60006111,C00432260,2016,6596.23,26,S,P60006111,C00432260,"CRUZ, RAFAEL EDWARD ""TED""",CLUB FOR GROWTH PAC
P60006111,C00487470,2016,19.53,1,O,P60006111,C00487470,"CRUZ, RAFAEL EDWARD ""TED""",CLUB FOR GROWTH ACTION
P60006111,C00487470,2016,421884.42,52,S,P60006111,C00487470,"CRUZ, RAFAEL EDWARD ""TED""",CLUB FOR GROWTH ACTION
P60006111,C00488403,2016,59003.09,16,S,P60006111,C00488403,"CRUZ, RAFAEL EDWARD ""TED""",TEXAS PATRIOTS PAC
P60006111,C00489799,2016,4461.45,7,O,P60006111,C00489799,"CRUZ, RAFAEL EDWARD ""TED""",PLANNED PARENTHOOD VOTES
P60006111,C00495010,2016,2939.94,3,S,P60006111,C00495010,"CRUZ, RAFAEL EDWARD ""TED""",CONSERVATIVE CAMPAIGN COMMITTEE
P60006111,C00495861,2016,1538.46,1,O,P60006111,C00495861,"CRUZ, RAFAEL EDWARD ""TED""",PRIORITIES USA ACTION
P60006111,C00508440,2016,195.83,1,O,P60006111,C00508440,"CRUZ, RAFAEL EDWARD ""TED""",HUMAN RIGHTS CAMPAIGN EQUALITY VOTES
P60006111,C00509893,2016,201511.63,4,S,P60006111,C00509893,"CRUZ, RAFAEL EDWARD ""TED""",NATIONAL RIGHT TO LIFE VICTORY FUND
P60006111,C00524454,2016,38768.51,4,S,P60006111,C00524454,"CRUZ, RAFAEL EDWARD ""TED""",CONSERVATIVE MAJORITY FUND
P60006111,C00540898,2016,165243.54,25,S,P60006111,C00540898,"CRUZ, RAFAEL EDWARD ""TED""",TEA PARTY PATRIOTS CITIZENS FUND
P60006111,C00541292,2016,4451003.64,41,O,P60006111,C00541292,"CRUZ, RAFAEL EDWARD ""TED""",CONSERVATIVE SOLUTIONS PAC
P60006111,C00553313,2016,3500.00,1,S,P60006111,C00553313,"CRUZ, RAFAEL EDWARD ""TED""",CONSERVATIVE AMERICA NOW PAC
P60006111,C00569517,2016,44663.87,16,S,P60006111,C00569517,"CRUZ, RAFAEL EDWARD ""TED""",CITIZEN SUPER PAC
P60006111,C00570739,2016,332549.83,131,S,P60006111,C00570739,"CRUZ, RAFAEL EDWARD ""TED""",MAKE DC LISTEN
P60006111,C00570903,2016,1000.00,1,S,P60006111,C00570903,"CRUZ, RAFAEL EDWARD ""TED""",RESTORE AMERICAN FREEDOM AND LIBERTY
P60006111,C00571372,2016,35260.35,2,O,P60006111,C00571372,"CRUZ, RAFAEL EDWARD ""TED""",RIGHT TO RISE USA
P60006111,C00572792,2016,38000.00,6,S,P60006111,C00572792,"CRUZ, RAFAEL EDWARD ""TED""",VICTORY 2016
P60006111,C00573147,2016,24000.00,14,S,P60006111,C00573147,"CRUZ, RAFAEL EDWARD ""TED""","GO BIG GO BOLD PAC, INC."
P60006111,C00573923,2016,716451.24,8,O,P60006111,C00573923,"CRUZ, RAFAEL EDWARD ""TED""",PURSUING AMERICA'S GREATNESS
P60006111,C00575118,2016,1000.00,1,S,P60006111,C00575118,"CRUZ, RAFAEL EDWARD ""TED""",CONSERVATIVE LIBERTY COALITION
P60006111,C00575373,2016,5960198.48,156,S,P60006111,C00575373,"CRUZ, RAFAEL EDWARD ""TED""",MAKE AMERICA NUMBER 1
P60006111,C00575415,2016,1169717.48,54,S,P60006111,C00575415,"CRUZ, RAFAEL EDWARD ""TED""",KEEP THE PROMISE PAC
P60006111,C00575423,2016,2273769.90,10,S,P60006111,C00575423,"CRUZ, RAFAEL EDWARD ""TED""",KEEP THE PROMISE III
P60006111,C00576058,2016,4000.00,1,O,P60006111,C00576058,"CRUZ, RAFAEL EDWARD ""TED""",WATCHDOG PAC
P60006111,C00581868,2016,24661.98,5,O,P60006111,C00581868,"CRUZ, RAFAEL EDWARD ""TED""",NEW DAY FOR AMERICA
P60006111,C00582973,2016,425256.45,4,O,P60006111,C00582973,"CRUZ, RAFAEL EDWARD ""TED""",NEW DAY INDEPENDENT MEDIA COMMITTEE INC
P60006111,C00584482,2016,11500.00,2,S,P60006111,C00584482,"CRUZ, RAFAEL EDWARD ""TED""",RESTORE THE CONSTITUTION COALITION
P60006111,C00587022,2016,186253.20,65,S,P60006111,C00587022,"CRUZ, RAFAEL EDWARD ""TED""",COURAGEOUS CONSERVATIVES PAC
P60006111,C00592303,2016,23873.76,8,S,P60006111,C00592303,"CRUZ, RAFAEL EDWARD ""TED""",OREGON RIGHT TO LIFE VICTORY PAC
P60006111,C00592337,2016,4670956.00,14,S,P60006111,C00592337,"CRUZ, RAFAEL EDWARD ""TED""","STAND FORTRUTH, INC."
P60006111,C00603621,2016,1706.16,1,S,P60006111,C00603621,"CRUZ, RAFAEL EDWARD ""TED""",OUR PRINCIPLES PAC
P60006111,C00604496,2016,126900.00,3,O,P60006111,C00604496,"CRUZ, RAFAEL EDWARD ""TED""",AMERICANS UNITED FOR VALUES
P60006111,C00607341,2016,825.79,3,S,P60006111,C00607341,"CRUZ, RAFAEL EDWARD ""TED""",MONTGOMERY COUNTY TEA PARTY PAC
P60006111,C00608166,2016,1250.00,6,S,P60006111,C00608166,"CRUZ, RAFAEL EDWARD ""TED""",TEA PARTY FORWARD
P60006111,C00609511,2016,3434868.44,43,S,P60006111,C00609511,"CRUZ, RAFAEL EDWARD ""TED""",TRUSTED LEADERSHIP PAC
P60006111,C00611558,2016,12.18,1,O,P60006111,C00611558,"CRUZ, RAFAEL EDWARD ""TED""",TO ELIMINATE DOUBT: COMMITTEE TO REVEAL THE UNKNOWN ZODIAC KILLER
P60006111,C00613091,2016,74766.02,9,S,P60006111,C00613091,"CRUZ, RAFAEL EDWARD ""TED""",WISCONSIN RIGHT TO LIFE VICTORY FUND
P60006111,C90005471,2016,20018.98,17,O,P60006111,C90005471,"CRUZ, RAFAEL EDWARD ""TED""",PLANNED PARENTHOOD ACTION FUND INC
P60006111,C90005786,2016,173.56,4,O,P60006111,C90005786,"CRUZ, RAFAEL EDWARD ""TED""",LEAGUE OF CONSERVATION VOTERS INC
P60006111,C90007998,2016,7086.10,1,S,P60006111,C90007998,"CRUZ, RAFAEL EDWARD ""TED""",LET FREEDOM RING INC
P60006111,C90009945,2016,253453.53,6,S,P60006111,C90009945,"CRUZ, RAFAEL EDWARD ""TED""",CLUB FOR GROWTH
P60006111,C90011693,2016,23498.03,14,S,P60006111,C90011693,"CRUZ, RAFAEL EDWARD ""TED""","GUN OWNERS OF AMERICA, INC."
P60006111,C90011800,2016,5000.00,2,S,P60006111,C90011800,"CRUZ, RAFAEL EDWARD ""TED""",CATHOLICVOTE.ORG
P60006111,C90011875,2016,485.76,1,O,P60006111,C90011875,"CRUZ, RAFAEL EDWARD ""TED""",SIERRA CLUB
P60006111,C90012626,2016,2028.96,6,O,P60006111,C90012626,"CRUZ, RAFAEL EDWARD ""TED""",HUMAN RIGHTS CAMPAIGN
P60006111,C90014176,2016,274471.45,8,S,P60006111,C90014176,"CRUZ, RAFAEL EDWARD ""TED""",SECUREAMERICANOW.ORG
P60006111,C90015678,2016,172371.14,32,O,P60006111,C90015678,"CRUZ, RAFAEL EDWARD ""TED""",AMERICA'S RENEWABLE FUTURE INC
P60006111,C90015678,2016,2100.00,1,S,P60006111,C90015678,"CRUZ, RAFAEL EDWARD ""TED""",AMERICA'S RENEWABLE FUTURE INC
P60006111,C90015686,2016,868.90,1,S,P60006111,C90015686,"CRUZ, RAFAEL EDWARD ""TED""","SHALOSKY, CHRISTOPHER"
P60006111,C90015819,2016,1000.00,1,,P60006111,C90015819,"CRUZ, RAFAEL EDWARD ""TED""",WILLIAM CHURCH
P60006111,C90015827,2016,2097.62,6,S,P60006111,C90015827,"CRUZ, RAFAEL EDWARD ""TED""",ELIZABETH L BURGESS
P60006111,C90015835,2016,816.00,1,S,P60006111,C90015835,"CRUZ, RAFAEL EDWARD ""TED""",VERNON VERIGAN
P60006111,C90015934,2016,415.90,3,S,P60006111,C90015934,"CRUZ, RAFAEL EDWARD ""TED""",ROBERT BLAISE TRETTIS
P60006111,C90015942,2016,1046.15,4,S,P60006111,C90015942,"CRUZ, RAFAEL EDWARD ""TED""","BROADHURST, GERALD JACK JR"
P60006723,C00004036,2016,100313.84,9,O,P60006723,C00004036,"RUBIO, MARCO",SEIU COPE (SERVICE EMPLOYEES INTERNATIONAL UNION COMMITTEE ON POLITICAL EDUCATION)
P60006723,C00235853,2016,158.69,3,O,P60006723,C00235853,"RUBIO, MARCO",HUMAN RIGHTS CAMPAIGN PAC
P60006723,C00365536,2016,16423.02,2,O,P60006723,C00365536,"RUBIO, MARCO",CHC BOLD PAC
P60006723,C00432260,2016,1050.67,11,S,P60006723,C00432260,"RUBIO, MARCO",CLUB FOR GROWTH PAC
P60006723,C00487470,2016,510.05,19,S,P60006723,C00487470,"RUBIO, MARCO",CLUB FOR GROWTH ACTION
P60006723,C00489799,2016,781.29,6,O,P60006723,C00489799,"RUBIO, MARCO",PLANNED PARENTHOOD VOTES
P60006723,C00495861,2016,1538.46,1,O,P60006723,C00495861,"RUBIO, MARCO",PRIORITIES USA ACTION
P60006723,C00541292,2016,272.95,1,O,P60006723,C00541292,"RUBIO, MARCO",CONSERVATIVE SOLUTIONS PAC
P60006723,C00541292,2016,38954179.93,306,S,P60006723,C00541292,"RUBIO, MARCO",CONSERVATIVE SOLUTIONS PAC
P60006723,C00550368,2016,524621.25,23,S,P60006723,C00550368,"RUBIO, MARCO",AMERICAN OPPORTUNITY PAC
P60006723,C00552422,2016,166984.07,12,S,P60006723,C00552422,"RUBIO, MARCO",VALUES ARE VITAL
P60006723,C00571372,2016,2216044.73,155,O,P60006723,C00571372,"RUBIO, MARCO",RIGHT TO RISE USA
P60006723,C00573923,2016,22473.36,1,O,P60006723,C00573923,"RUBIO, MARCO",PURSUING AMERICA'S GREATNESS
P60006723,C00575373,2016,3022537.31,103,O,P60006723,C00575373,"RUBIO, MARCO",MAKE AMERICA NUMBER 1
P60006723,C00576058,2016,12000.00,3,O,P60006723,C00576058,"RUBIO, MARCO",WATCHDOG PAC
P60006723,C00581868,2016,10903.76,3,O,P60006723,C00581868,"RUBIO, MARCO",NEW DAY FOR AMERICA
P60006723,C00581868,2016,12648.77,2,S,P60006723,C00581868,"RUBIO, MARCO",NEW DAY FOR AMERICA
P60006723,C00582973,2016,38190.80,1,O,P60006723,C00582973,"RUBIO, MARCO",NEW DAY INDEPENDENT MEDIA COMMITTEE INC
P60006723,C00587022,2016,63363.07,32,O,P60006723,C00587022,"RUBIO, MARCO",COURAGEOUS CONSERVATIVES PAC
P60006723,C00591214,2016,118990.00,5,S,P60006723,C00591214,"RUBIO, MARCO",BABY GOT PAC
P60006723,C00592337,2016,2980051.76,11,O,P60006723,C00592337,"RUBIO, MARCO","STAND FORTRUTH, INC."
P60006723,C90004185,2016,16672.21,2,O,P60006723,C90004185,"RUBIO, MARCO",NARAL PRO-CHOICE AMERICA
P60006723,C90005471,2016,3377.00,9,O,P60006723,C90005471,"RUBIO, MARCO",PLANNED PARENTHOOD ACTION FUND INC
P60006723,C90005786,2016,232.49,5,O,P60006723,C90005786,"RUBIO, MARCO",LEAGUE OF CONSERVATION VOTERS INC
P60006723,C90011875,2016,189.22,3,O,P60006723,C90011875,"RUBIO, MARCO",SIERRA CLUB
P60006723,C90015678,2016,8366.46,11,S,P60006723,C90015678,"RUBIO, MARCO",AMERICA'S RENEWABLE FUTURE INC
P60006723,C90015876,2016,20520.73,2,S,P60006723,C90015876,"RUBIO, MARCO","VANDERSLOOT, FRANK L."
P60007168,C00027342,2016,1959.99,1,S,P60007168,C00027342,"SANDERS, BERNARD",INTERNATIONAL BROTHERHOOD OF ELECTRICAL WORKERS POLITICAL ACTION COMMITTEE
P60007168,C00176214,2016,1613.71,2,S,P60007168,C00176214,"SANDERS, BERNARD",INTERNATIONAL LONGSHORE AND WAREHOUSE UNION -- POLITICAL ACTION FUND
P60007168,C00402800,2016,23.81,1,O,P60007168,C00402800,"SANDERS, BERNARD",PROGRESSIVE VOTE AKA PROGRESSIVE DEMOCRATS OF AMERICA
P60007168,C00402800,2016,51915.63,275,S,P60007168,C00402800,"SANDERS, BERNARD",PROGRESSIVE VOTE AKA PROGRESSIVE DEMOCRATS OF AMERICA
P60007168,C00419986,2016,886.71,1,S,P60007168,C00419986,"SANDERS, BERNARD",MONTEREY COUNTY DEMOCRATIC CENTRAL COMMITTEE FEDERAL
P60007168,C00488486,2016,124865.79,20,S,P60007168,C00488486,"SANDERS, BERNARD",COMMUNICATIONS WORKERS OF AMERICA WORKING VOICES
P60007168,C00489856,2016,804320.79,11,O,P60007168,C00489856,"SANDERS, BERNARD",ESAFUND
P60007168,C00490375,2016,4788776.75,541,S,P60007168,C00490375,"SANDERS, BERNARD",NATIONAL NURSES UNITED FOR PATIENT PROTECTION
P60007168,C00492595,2016,2885.51,2,S,P60007168,C00492595,"SANDERS, BERNARD",PROGRESSIVE KICK INDEPENDENT EXPENDITURES
P60007168,C00555615,2016,443.93,1,S,P60007168,C00555615,"SANDERS, BERNARD",COLLECTIVE ACTIONS PAC
P60007168,C00574533,2016,44908.68,3,O,P60007168,C00574533,"SANDERS, BERNARD",FUTURE45
P60007168,C00578724,2016,10000.00,2,O,P60007168,C00578724,"SANDERS, BERNARD",GENERATION FORWARD PAC
P60007168,C00580878,2016,6402.36,8,S,P60007168,C00580878,"SANDERS, BERNARD",MICHIGAN FOR PROGRESSIVES
P60007168,C00582544,2016,5374.08,16,S,P60007168,C00582544,"SANDERS, BERNARD",EPIC: EMPOWERING PROGRESSIVE INITIATIVES + CANDIDATES
P60007168,C00584300,2016,72000.29,21,S,P60007168,C00584300,"SANDERS, BERNARD",PROGRESSIVE WISCONSIN - LET'S REBUILD AMERICA
P60007168,C00584300,2016,0.00,1,,P60007168,C00584300,"SANDERS, BERNARD",PROGRESSIVE WISCONSIN - LET'S REBUILD AMERICA
P60007168,C00586693,2016,2129.94,6,S,P60007168,C00586693,"SANDERS, BERNARD",PEOPLE OVER PROFIT
P60007168,C00587022,2016,87.83,1,O,P60007168,C00587022,"SANDERS, BERNARD",COURAGEOUS CONSERVATIVES PAC
P60007168,C00587279,2016,813.48,2,S,P60007168,C00587279,"SANDERS, BERNARD",DEMOCRACY USA
P60007168,C00587766,2016,9.30,2,S,P60007168,C00587766,"SANDERS, BERNARD",SILVER CITY NM FOR BERNIE SANDERS
P60007168,C00587766,2016,31.68,2,,P60007168,C00587766,"SANDERS, BERNARD",SILVER CITY NM FOR BERNIE SANDERS
P60007168,C00589226,2016,3603.13,16,S,P60007168,C00589226,"SANDERS, BERNARD",PROGRESS N@
P60007168,C00589937,2016,618.53,2,S,P60007168,C00589937,"SANDERS, BERNARD",PROGRESSGJ
P60007168,C00590240,2016,268.60,1,S,P60007168,C00590240,"SANDERS, BERNARD",NORTHEAST MUSICIANS FOR SOCIAL DEMOCRACY
P60007168,C00590620,2016,292.50,1,S,P60007168,C00590620,"SANDERS, BERNARD",LAS CRUCES FOR BERNIE
P60007168,C00590646,2016,2012.42,10,S,P60007168,C00590646,"SANDERS, BERNARD",NEW YORK CAPITAL REGION FOR BRINGING ECONOMIC REVOLUTION NOW INSPIRING EVERYONE
P60007168,C00609602,2016,2533.45,4,S,P60007168,C00609602,"SANDERS, BERNARD",BUFFALO FOR BERNIE SANDERS
P60007168,C00609750,2016,20476.35,58,S,P60007168,C00609750,"SANDERS, BERNARD",JAMPAC
P60007168,C00613562,2016,2180.08,8,S,P60007168,C00613562,"SANDERS, BERNARD",VERNON COUNTY FORWARD
P60007168,C00619890,2016,5024.43,5,S,P60007168,C00619890,"SANDERS, BERNARD",PITTSBURGH DELEGATES FOR BERNIE
P60007168,C00620005,2016,1300.00,10,S,P60007168,C00620005,"SANDERS, BERNARD",PROGRESSIVE DELEGATE ALLIANCE OF CALIFORNIA
P60007168,C90009762,2016,43118.03,12,S,P60007168,C90009762,"SANDERS, BERNARD",FRIENDS OF THE EARTH ACTION
P60007168,C90013616,2016,3910.00,6,S,P60007168,C90013616,"SANDERS, BERNARD",CALIFORNIA NURSES ASSOCIATION POLITICAL ACTION COMMITTEE (CNA PAC)
P60007168,C90013897,2016,20892.53,27,S,P60007168,C90013897,"SANDERS, BERNARD",IOWA CITIZENS FOR COMMUNITY IMPROVEMENT ACTION FUND
P60007168,C90015413,2016,87293.10,1349,S,P60007168,C90015413,"SANDERS, BERNARD",DEMOCRATIC SOCIALISTS OF AMERICA INC.
P60007168,C90015512,2016,1172.00,2,S,P60007168,C90015512,"SANDERS, BERNARD","SHAFER, JEROMEY RAY"
P60007168,C90015538,2016,523.40,6,,P60007168,C90015538,"SANDERS, BERNARD","COVENTRY, ALEX"
P60007168,C90015546,2016,1114.01,3,S,P60007168,C90015546,"SANDERS, BERNARD",STEVEN PRZYBYLSKI
P60007168,C90015553,2016,582.11,1,S,P60007168,C90015553,"SANDERS, BERNARD",BLYDEN POTTS
P60007168,C90015561,2016,2350.98,6,S,P60007168,C90015561,"SANDERS, BERNARD",JEFFREY SMEDBERG
P60007168,C90015579,2016,6471.88,25,S,P60007168,C90015579,"SANDERS, BERNARD",MARY GRAYDON - FONTANA
P60007168,C90015587,2016,758.61,1,S,P60007168,C90015587,"SANDERS, BERNARD",BRAVE NEW FILMS ACTION FUND
P60007168,C90015595,2016,1038.34,2,S,P60007168,C90015595,"SANDERS, BERNARD",HARVEY P DOSIK
P60007168,C90015603,2016,12212.81,100,S,P60007168,C90015603,"SANDERS, BERNARD",PAUL GIBSON
P60007168,C90015637,2016,2054.61,8,S,P60007168,C90015637,"SANDERS, BERNARD",CHICAGO DEMOCRATIC SOCIALISTS OF AMERICA
P60007168,C90015652,2016,368.56,4,S,P60007168,C90015652,"SANDERS, BERNARD","BAILEY, DANIEL H"
P60007168,C90015678,2016,12946.37,11,S,P60007168,C90015678,"SANDERS, BERNARD",AMERICA'S RENEWABLE FUTURE INC
P60007168,C90015744,2016,330.00,1,S,P60007168,C90015744,"SANDERS, BERNARD",KATHY YURISTA
P60007168,C90015769,2016,532.12,5,S,P60007168,C90015769,"SANDERS, BERNARD",JAMES E KAUFMAN
P60007168,C90015777,2016,917.08,5,S,P60007168,C90015777,"SANDERS, BERNARD",KAREN J HAY
P60007168,C90015793,2016,266.50,1,S,P60007168,C90015793,"SANDERS, BERNARD",RECLAIM CHICAGO
P60007168,C90015793,2016,473.76,1,,P60007168,C90015793,"SANDERS, BERNARD",RECLAIM CHICAGO
P60007168,C90015868,2016,1069.00,1,S,P60007168,C90015868,"SANDERS, BERNARD",THE PEOPLE'S LOBBY
P60007168,C90015884,2016,683.96,2,S,P60007168,C90015884,"SANDERS, BERNARD",FRANKLIN F FRANK
P60007168,C90015892,2016,334.18,1,S,P60007168,C90015892,"SANDERS, BERNARD",VINCENT BIDEZ
P60007168,C90015967,2016,3967.85,2,S,P60007168,C90015967,"SANDERS, BERNARD","TARR, DONNA MURPHY MRS."
P60007168,C90015991,2016,3783.69,1,S,P60007168,C90015991,"SANDERS, BERNARD",JIM OWLES LIBERAL DEMOCRATIC CLUB
P60007242,C00235853,2016,158.69,3,O,P60007242,C00235853,"FIORINA, CARLY",HUMAN RIGHTS CAMPAIGN PAC
P60007242,C00487470,2016,12.32,1,O,P60007242,C00487470,"FIORINA, CARLY",CLUB FOR GROWTH ACTION
P60007242,C00573154,2016,3837604.66,860,S,P60007242,C00573154,"FIORINA, CARLY","CONSERVATIVE, AUTHENTIC, RESPONSIVE LEADERSHIP FOR YOU AND FOR AMERICA"
P60007242,C90005471,2016,6.33,1,O,P60007242,C90005471,"FIORINA, CARLY",PLANNED PARENTHOOD ACTION FUND INC
P60007242,C90015678,2016,8366.45,11,S,P60007242,C90015678,"FIORINA, CARLY",AMERICA'S RENEWABLE FUTURE INC
P60007242,C90015785,2016,14534.70,1,S,P60007242,C90015785,"FIORINA, CARLY",AMERICAN POTENTIAL
P60007572,C00571356,2016,118778.36,6,S,P60007572,C00571356,"PATAKI, GEORGE E","WE THE PEOPLE, NOT WASHINGTON"
P60007572,C90015678,2016,2305.33,2,S,P60007572,C90015678,"PATAKI, GEORGE E",AMERICA'S RENEWABLE FUTURE INC
P60007671,C00578724,2016,358418.34,28,S,P60007671,C00578724,"O'MALLEY, MARTIN JOSEPH",GENERATION FORWARD PAC
P60007671,C90015678,2016,11912.78,9,S,P60007671,C90015678,"O'MALLEY, MARTIN JOSEPH",AMERICA'S RENEWABLE FUTURE INC
P60007697,C00573733,2016,3514386.70,88,S,P60007697,C00573733,"GRAHAM, LINDSEY O",SECURITY IS STRENGTH PAC
P60007697,C00587022,2016,1997.21,13,O,P60007697,C00587022,"GRAHAM, LINDSEY O",COURAGEOUS CONSERVATIVES PAC
P60007697,C90005471,2016,35.46,1,O,P60007697,C90005471,"GRAHAM, LINDSEY O",PLANNED PARENTHOOD ACTION FUND INC
P60008059,C00004036,2016,76357.94,7,O,P60008059,C00004036,"BUSH, JEB",SEIU COPE (SERVICE EMPLOYEES INTERNATIONAL UNION COMMITTEE ON POLITICAL EDUCATION)
P60008059,C00432260,2016,249.86,4,S,P60008059,C00432260,"BUSH, JEB",CLUB FOR GROWTH PAC
P60008059,C00487470,2016,14.65,1,O,P60008059,C00487470,"BUSH, JEB",CLUB FOR GROWTH ACTION
P60008059,C00489799,2016,4247.15,2,O,P60008059,C00489799,"BUSH, JEB",PLANNED PARENTHOOD VOTES
P60008059,C00495861,2016,18500.43,10,O,P60008059,C00495861,"BUSH, JEB",PRIORITIES USA ACTION
P60008059,C00541292,2016,2854025.22,15,O,P60008059,C00541292,"BUSH, JEB",CONSERVATIVE SOLUTIONS PAC
P60008059,C00552422,2016,20737.01,3,O,P60008059,C00552422,"BUSH, JEB",VALUES ARE VITAL
P60008059,C00571372,2016,83676722.38,720,S,P60008059,C00571372,"BUSH, JEB",RIGHT TO RISE USA
P60008059,C00571950,2016,12935.37,30,S,P60008059,C00571950,"BUSH, JEB",MILLENNIALS RISING PAC
P60008059,C00581868,2016,21273.30,4,O,P60008059,C00581868,"BUSH, JEB",NEW DAY FOR AMERICA
P60008059,C00587022,2016,109.75,2,O,P60008059,C00587022,"BUSH, JEB",COURAGEOUS CONSERVATIVES PAC
P60008059,C90005471,2016,21935.30,12,O,P60008059,C90005471,"BUSH, JEB",PLANNED PARENTHOOD ACTION FUND INC
P60008059,C90015678,2016,158.58,1,O,P60008059,C90015678,"BUSH, JEB",AMERICA'S RENEWABLE FUTURE INC
P60008059,C90015678,2016,8207.88,10,S,P60008059,C90015678,"BUSH, JEB",AMERICA'S RENEWABLE FUTURE INC
P60008398,C00571711,2016,2634873.26,37,S,P60008398,C00571711,"JINDAL, BOBBY",BELIEVE AGAIN
P60008398,C90005471,2016,13.42,2,O,P60008398,C90005471,"JINDAL, BOBBY",PLANNED PARENTHOOD ACTION FUND INC
P60008398,C90015439,2016,392648.86,3,S,P60008398,C90015439,"JINDAL, BOBBY",AMERICA NEXT INC
P60008521,C00432260,2016,8.02,1,O,P60008521,C00432260,"CHRISTIE, CHRISTOPHER J",CLUB FOR GROWTH PAC
P60008521,C00487470,2016,23.15,2,O,P60008521,C00487470,"CHRISTIE, CHRISTOPHER J",CLUB FOR GROWTH ACTION
P60008521,C00489799,2016,1394.09,2,O,P60008521,C00489799,"CHRISTIE, CHRISTOPHER J",PLANNED PARENTHOOD VOTES
P60008521,C00495861,2016,769.23,1,O,P60008521,C00495861,"CHRISTIE, CHRISTOPHER J",PRIORITIES USA ACTION
P60008521,C00541292,2016,3275499.54,22,O,P60008521,C00541292,"CHRISTIE, CHRISTOPHER J",CONSERVATIVE SOLUTIONS PAC
P60008521,C00571372,2016,293800.01,12,O,P60008521,C00571372,"CHRISTIE, CHRISTOPHER J",RIGHT TO RISE USA
P60008521,C00573055,2016,17944267.07,662,S,P60008521,C00573055,"CHRISTIE, CHRISTOPHER J",AMERICA LEADS
P60008521,C00581868,2016,31470.82,7,O,P60008521,C00581868,"CHRISTIE, CHRISTOPHER J",NEW DAY FOR AMERICA
P60008521,C00587022,2016,13.20,1,O,P60008521,C00587022,"CHRISTIE, CHRISTOPHER J",COURAGEOUS CONSERVATIVES PAC
P60008521,C90005471,2016,17480.59,4,O,P60008521,C90005471,"CHRISTIE, CHRISTOPHER J",PLANNED PARENTHOOD ACTION FUND INC
P60008521,C90011693,2016,1500.00,1,O,P60008521,C90011693,"CHRISTIE, CHRISTOPHER J","GUN OWNERS OF AMERICA, INC."
P60008521,C90015678,2016,8366.45,11,S,P60008521,C90015678,"CHRISTIE, CHRISTOPHER J",AMERICA'S RENEWABLE FUTURE INC
P60011236,C00432260,2016,76.70,1,S,P60011236,C00432260,"WITTER, JUSTIN PAUL",CLUB FOR GROWTH PAC
P60012143,C00574418,2016,290128.80,18,S,P60012143,C00574418,"BIDEN, JOE R",DRAFT BIDEN 2016
P60012333,C00041160,2016,597.12,2,O,P60012333,C00041160,"CLINTON, BILL",MICHIGAN REPUBLICAN PARTY
P60014198,C00412213,2016,1000.00,1,S,P60014198,C00412213,"SMITH, RYAN",APPALACHIAN COMMUNITY ACTION POLITICAL ACTION COMMITTEE
P60020849,C90015959,2016,7669.70,9,S,P60020849,C90015959,"FRENCH, WILLIAM D",WILLIAM D FRENCH
P60021102,C00587022,2016,1420.00,2,S,P60021102,C00587022,"CASTLE, DARRELL LANE",COURAGEOUS CONSERVATIVES PAC
P60022654,C00549279,2016,4468.00,3,S,P60022654,C00549279,"MCMULLIN, EVAN / MINDY FINN",FIGHT FOR TOMORROW
P60022654,C00623371,2016,400.00,1,S,P60022654,C00623371,"MCMULLIN, EVAN / MINDY FINN","STAND UP AMERICA PAC, INC."
P60022654,C00628388,2016,9250.00,2,S,P60022654,C00628388,"MCMULLIN, EVAN / MINDY FINN",INDEPENDENCE PARTY OF MINNESOTA
P80001571,C00000935,2016,6693372.69,183,O,P80001571,C00000935,"TRUMP, DONALD J. / MICHAEL R. PENCE ",DCCC
P80001571,C00004036,2016,1057185.26,27,O,P80001571,C00004036,"TRUMP, DONALD J. / MICHAEL R. PENCE ",SEIU COPE (SERVICE EMPLOYEES INTERNATIONAL UNION COMMITTEE ON POLITICAL EDUCATION)
P80001571,C00004036,2016,4580.00,1,S,P80001571,C00004036,"TRUMP, DONALD J. / MICHAEL R. PENCE ",SEIU COPE (SERVICE EMPLOYEES INTERNATIONAL UNION COMMITTEE ON POLITICAL EDUCATION)
P80001571,C00004861,2016,105350.00,3,O,P80001571,C00004861,"TRUMP, DONALD J. / MICHAEL R. PENCE ",UNITE HERE TIP CAMPAIGN COMMITTEE
P80001571,C00011114,2016,135833.00,4,O,P80001571,C00011114,"TRUMP, DONALD J. / MICHAEL R. PENCE ",AMERICAN FEDERATION OF STATE COUNTY & MUNICIPAL EMPLOYEES  P E O P L E
P80001571,C00035600,2016,961.19,5,O,P80001571,C00035600,"TRUMP, DONALD J. / MICHAEL R. PENCE ",IOWA DEMOCRATIC PARTY
P80001571,C00042366,2016,1530774.92,18,O,P80001571,C00042366,"TRUMP, DONALD J. / MICHAEL R. PENCE ",DSCC
P80001571,C00053553,2016,1865452.99,138,S,P80001571,C00053553,"TRUMP, DONALD J. / MICHAEL R. PENCE ",NATIONAL RIFLE ASSOCIATION OF AMERICA POLITICAL VICTORY FUND
P80001571,C00079541,2016,140460.20,2,O,P80001571,C00079541,"TRUMP, DONALD J. / MICHAEL R. PENCE ",NARAL PRO-CHOICE AMERICA PAC
P80001571,C00101212,2016,1588.86,16,S,P80001571,C00101212,"TRUMP, DONALD J. / MICHAEL R. PENCE ",RIGHT TO LIFE OF MICHIGAN POLITICAL ACTION COMMITTEE
P80001571,C00111278,2016,142685.02,4,S,P80001571,C00111278,"TRUMP, DONALD J. / MICHAEL R. PENCE ",NATIONAL RIGHT TO LIFE POLITICAL ACTION COMMITTEE
P80001571,C00135368,2016,42961.49,68,O,P80001571,C00135368,"TRUMP, DONALD J. / MICHAEL R. PENCE ",SIERRA CLUB POLITICAL COMMITTEE
P80001571,C00135368,2016,1941.43,18,S,P80001571,C00135368,"TRUMP, DONALD J. / MICHAEL R. PENCE ",SIERRA CLUB POLITICAL COMMITTEE
P80001571,C00141572,2016,1575.48,5,S,P80001571,C00141572,"TRUMP, DONALD J. / MICHAEL R. PENCE ",RIGHT TO LIFE/OREGON PAC
P80001571,C00143743,2016,15000.00,1,S,P80001571,C00143743,"TRUMP, DONALD J. / MICHAEL R. PENCE ",REPUBLICAN PARTY OF TEXAS
P80001571,C00157537,2016,594.06,41,S,P80001571,C00157537,"TRUMP, DONALD J. / MICHAEL R. PENCE ",WEST VIRGINIANS FOR LIFE INC POLITICAL ACTION COMMITTEE
P80001571,C00157958,2016,993.16,10,S,P80001571,C00157958,"TRUMP, DONALD J. / MICHAEL R. PENCE ",MISSOURI RIGHT TO LIFE FEDERAL POLITICAL ACTION COMMITTEE
P80001571,C00162818,2016,3126.60,1,O,P80001571,C00162818,"TRUMP, DONALD J. / MICHAEL R. PENCE ",INTERNATIONAL BROTHERHOOD OF ELECTRICAL WORKERS LOCAL 98 COMMITTEE ON POLITICAL EDUCATION
P80001571,C00167320,2016,500.00,1,O,P80001571,C00167320,"TRUMP, DONALD J. / MICHAEL R. PENCE ",CONNECTICUT DEMOCRATIC STATE CENTRAL COMMITTEE
P80001571,C00191247,2016,1808.00,1,O,P80001571,C00191247,"TRUMP, DONALD J. / MICHAEL R. PENCE ",ALASKA DEMOCRATIC PARTY
P80001571,C00216614,2016,2819.45,6,O,P80001571,C00216614,"TRUMP, DONALD J. / MICHAEL R. PENCE ",DEMOCRATIC PARTY COMMITTEE ABROAD
P80001571,C00228122,2016,250.00,2,S,P80001571,C00228122,"TRUMP, DONALD J. / MICHAEL R. PENCE ",CALIFORNIA PRO LIFE COUNCIL INC POLITICAL ACTION COMMITTEE
P80001571,C00235853,2016,9668.63,6,O,P80001571,C00235853,"TRUMP, DONALD J. / MICHAEL R. PENCE ",HUMAN RIGHTS CAMPAIGN PAC
P80001571,C00252551,2016,5122.05,2,S,P80001571,C00252551,"TRUMP, DONALD J. / MICHAEL R. PENCE ",REPUBLICAN PARTY OF SAN DIEGO COUNTY
P80001571,C00260331,2016,2401.33,1,S,P80001571,C00260331,"TRUMP, DONALD J. / MICHAEL R. PENCE ",NEW JERSEY RIGHT TO  LIFE COMMITTEE FEDERAL PAC
P80001571,C00284018,2016,1377.30,2,S,P80001571,C00284018,"TRUMP, DONALD J. / MICHAEL R. PENCE ",VERMONT RIGHT TO LIFE COMMITTEE INC POLITICAL COMMITTEE
P80001571,C00325076,2016,7269.50,5,S,P80001571,C00325076,"TRUMP, DONALD J. / MICHAEL R. PENCE ",CAMPAIGN FOR WORKING FAMILIES
P80001571,C00330233,2016,172.67,1,S,P80001571,C00330233,"TRUMP, DONALD J. / MICHAEL R. PENCE ","ALLIANCE COAL, LLC PAC"
P80001571,C00341396,2016,185020.64,106,O,P80001571,C00341396,"TRUMP, DONALD J. / MICHAEL R. PENCE ",MOVEON.ORG POLITICAL ACTION
P80001571,C00354605,2016,5610.25,2,S,P80001571,C00354605,"TRUMP, DONALD J. / MICHAEL R. PENCE ",GRASS ROOTS NORTH CAROLINA/FORUM FOR FIREARMS EDUC POL VICTORY FUND
P80001571,C00365536,2016,66423.01,3,O,P80001571,C00365536,"TRUMP, DONALD J. / MICHAEL R. PENCE ",CHC BOLD PAC
P80001571,C00392928,2016,756.88,2,O,P80001571,C00392928,"TRUMP, DONALD J. / MICHAEL R. PENCE ",SAN FRANCISCO DEMOCRATIC COUNTY CENTRAL COMMITTEE
P80001571,C00401786,2016,35390.67,6,S,P80001571,C00401786,"TRUMP, DONALD J. / MICHAEL R. PENCE ",FREEDOM'S DEFENSE FUND
P80001571,C00404434,2016,6402.00,2,S,P80001571,C00404434,"TRUMP, DONALD J. / MICHAEL R. PENCE ",VENTURA COUNTY REPUBLICAN PARTY (FED.)
P80001571,C00416347,2016,1320.00,2,O,P80001571,C00416347,"TRUMP, DONALD J. / MICHAEL R. PENCE ",DEMOCRATIC WOMEN OF THE DESERT
P80001571,C00418897,2016,667773.16,2,O,P80001571,C00418897,"TRUMP, DONALD J. / MICHAEL R. PENCE ",VOTEVETS
P80001571,C00428557,2016,254854.30,20,O,P80001571,C00428557,"TRUMP, DONALD J. / MICHAEL R. PENCE ",COLOROFCHANGE PAC
P80001571,C00431643,2016,4512.08,1,S,P80001571,C00431643,"TRUMP, DONALD J. / MICHAEL R. PENCE ",HILLSBOROUGH COUNTY REPUBLICAN EXECUTIVE COMMITTEE
P80001571,C00432260,2016,840.69,5,O,P80001571,C00432260,"TRUMP, DONALD J. / MICHAEL R. PENCE ",CLUB FOR GROWTH PAC
P80001571,C00432260,2016,1442.33,19,S,P80001571,C00432260,"TRUMP, DONALD J. / MICHAEL R. PENCE ",CLUB FOR GROWTH PAC
P80001571,C00449926,2016,60000.00,1,O,P80001571,C00449926,"TRUMP, DONALD J. / MICHAEL R. PENCE ",AMERICAN FUTURE FUND POLITICAL ACTION
P80001571,C00454942,2016,15792.95,10,S,P80001571,C00454942,"TRUMP, DONALD J. / MICHAEL R. PENCE ",WILLIAMSON COUNTY REPUBLICAN PARTY FEDERAL PAC
P80001571,C00457291,2016,500.00,1,S,P80001571,C00457291,"TRUMP, DONALD J. / MICHAEL R. PENCE ",THE CONSERVATIVE STRIKEFORCE
P80001571,C00458000,2016,51843.14,79,O,P80001571,C00458000,"TRUMP, DONALD J. / MICHAEL R. PENCE ",PROGRESSIVE CHANGE CAMPAIGN COMMITTEE
P80001571,C00473918,2016,5970983.43,42,O,P80001571,C00473918,"TRUMP, DONALD J. / MICHAEL R. PENCE ",WOMEN VOTE!
P80001571,C00483693,2016,5389.51,14,O,P80001571,C00483693,"TRUMP, DONALD J. / MICHAEL R. PENCE ",SIERRA CLUB INDEPENDENT ACTION
P80001571,C00484642,2016,1803434.25,36,O,P80001571,C00484642,"TRUMP, DONALD J. / MICHAEL R. PENCE ",SENATE MAJORITY PAC
P80001571,C00486845,2016,2149705.37,21,O,P80001571,C00486845,"TRUMP, DONALD J. / MICHAEL R. PENCE ",LCV VICTORY FUND
P80001571,C00486845,2016,11000.00,1,,P80001571,C00486845,"TRUMP, DONALD J. / MICHAEL R. PENCE ",LCV VICTORY FUND
P80001571,C00487470,2016,7054311.56,245,O,P80001571,C00487470,"TRUMP, DONALD J. / MICHAEL R. PENCE ",CLUB FOR GROWTH ACTION
P80001571,C00487470,2016,29.31,1,S,P80001571,C00487470,"TRUMP, DONALD J. / MICHAEL R. PENCE ",CLUB FOR GROWTH ACTION
P80001571,C00488403,2016,893.91,1,O,P80001571,C00488403,"TRUMP, DONALD J. / MICHAEL R. PENCE ",TEXAS PATRIOTS PAC
P80001571,C00488429,2016,60000.00,2,O,P80001571,C00488429,"TRUMP, DONALD J. / MICHAEL R. PENCE ",CITIZENS FOR STRENGTH AND SECURITY PAC
P80001571,C00488486,2016,1182.96,1,O,P80001571,C00488486,"TRUMP, DONALD J. / MICHAEL R. PENCE ",COMMUNICATIONS WORKERS OF AMERICA WORKING VOICES
P80001571,C00489799,2016,2857053.39,129,O,P80001571,C00489799,"TRUMP, DONALD J. / MICHAEL R. PENCE ",PLANNED PARENTHOOD VOTES
P80001571,C00489799,2016,1728.48,1,S,P80001571,C00489799,"TRUMP, DONALD J. / MICHAEL R. PENCE ",PLANNED PARENTHOOD VOTES
P80001571,C00492140,2016,142837.17,4,O,P80001571,C00492140,"TRUMP, DONALD J. / MICHAEL R. PENCE ",AMERICAN BRIDGE 21ST CENTURY
P80001571,C00495028,2016,2753882.75,74,O,P80001571,C00495028,"TRUMP, DONALD J. / MICHAEL R. PENCE ",HOUSE MAJORITY PAC
P80001571,C00495861,2016,126049861.54,167,O,P80001571,C00495861,"TRUMP, DONALD J. / MICHAEL R. PENCE ",PRIORITIES USA ACTION
P80001571,C00496505,2016,62439.54,17,S,P80001571,C00496505,"TRUMP, DONALD J. / MICHAEL R. PENCE ",CONSERVATIVE ACTION FUND
P80001571,C00497420,2016,182517.36,66,S,P80001571,C00497420,"TRUMP, DONALD J. / MICHAEL R. PENCE ",CITIZENS UNITED SUPER PAC LLC
P80001571,C00503540,2016,37896.49,17,S,P80001571,C00503540,"TRUMP, DONALD J. / MICHAEL R. PENCE ",JAN PAC
P80001571,C00508440,2016,252189.90,35,O,P80001571,C00508440,"TRUMP, DONALD J. / MICHAEL R. PENCE ",HUMAN RIGHTS CAMPAIGN EQUALITY VOTES
P80001571,C00509893,2016,75360.06,6,S,P80001571,C00509893,"TRUMP, DONALD J. / MICHAEL R. PENCE ",NATIONAL RIGHT TO LIFE VICTORY FUND
P80001571,C00522474,2016,200.00,2,,P80001571,C00522474,"TRUMP, DONALD J. / MICHAEL R. PENCE ",INDIANA REPUBLICAN ASSEMBLY SUPER PAC
P80001571,C00522490,2016,44.86,6,O,P80001571,C00522490,"TRUMP, DONALD J. / MICHAEL R. PENCE ",PROGRESSIVES FOR PROSPERITY
P80001571,C00523498,2016,727.75,7,O,P80001571,C00523498,"TRUMP, DONALD J. / MICHAEL R. PENCE ",COURAGE CAMPAIGN SUPER PAC
P80001571,C00523621,2016,7970865.40,82,O,P80001571,C00523621,"TRUMP, DONALD J. / MICHAEL R. PENCE ",UNITED WE CAN
P80001571,C00526673,2016,728357.05,15,O,P80001571,C00526673,"TRUMP, DONALD J. / MICHAEL R. PENCE ",FAIR SHARE ACTION
P80001571,C00527226,2016,662.99,5,O,P80001571,C00527226,"TRUMP, DONALD J. / MICHAEL R. PENCE ",WE VOTE - NOSOTROS VOTAMOS - PPAMM COMMITTEE
P80001571,C00528307,2016,1579.79,1,S,P80001571,C00528307,"TRUMP, DONALD J. / MICHAEL R. PENCE ",PATRIOT VOICES PAC
P80001571,C00531814,2016,70764.97,6,O,P80001571,C00531814,"TRUMP, DONALD J. / MICHAEL R. PENCE ",ENVIRONMENT AMERICA ACTION FUND
P80001571,C00532705,2016,788926.65,3,O,P80001571,C00532705,"TRUMP, DONALD J. / MICHAEL R. PENCE ",INDEPENDENCE USA PAC
P80001571,C00540898,2016,602948.98,22,S,P80001571,C00540898,"TRUMP, DONALD J. / MICHAEL R. PENCE ",TEA PARTY PATRIOTS CITIZENS FUND
P80001571,C00541292,2016,4774418.71,46,O,P80001571,C00541292,"TRUMP, DONALD J. / MICHAEL R. PENCE ",CONSERVATIVE SOLUTIONS PAC
P80001571,C00544767,2016,14650.00,2,S,P80001571,C00544767,"TRUMP, DONALD J. / MICHAEL R. PENCE ",STOP HILLARY PAC
P80001571,C00547349,2016,4667707.48,84,O,P80001571,C00547349,"TRUMP, DONALD J. / MICHAEL R. PENCE ",NEXTGEN CLIMATE ACTION COMMITTEE
P80001571,C00550566,2016,14979.12,2,O,P80001571,C00550566,"TRUMP, DONALD J. / MICHAEL R. PENCE ",CIVIC INNOVATION USA INC
P80001571,C00556274,2016,31770.44,8,O,P80001571,C00556274,"TRUMP, DONALD J. / MICHAEL R. PENCE ",USW WORKS
P80001571,C00556860,2016,6082.75,1,O,P80001571,C00556860,"TRUMP, DONALD J. / MICHAEL R. PENCE ","PROTECTING CHOICE IN CALIFORNIA, A PROJECT OF PLANNED PARENTHOOD AFFILIATES OF CALIFORNIA"
P80001571,C00562777,2016,445823.12,15,O,P80001571,C00562777,"TRUMP, DONALD J. / MICHAEL R. PENCE ",LATINO VICTORY FUND
P80001571,C00564690,2016,2000.00,1,O,P80001571,C00564690,"TRUMP, DONALD J. / MICHAEL R. PENCE ",CAPA21-FEDERAL
P80001571,C00566208,2016,6490.57,9,O,P80001571,C00566208,"TRUMP, DONALD J. / MICHAEL R. PENCE ",EVERY VOICE ACTION
P80001571,C00567479,2016,118093.80,15,O,P80001571,C00567479,"TRUMP, DONALD J. / MICHAEL R. PENCE ",PEOPLE'S ACTION MOVEMENT
P80001571,C00569517,2016,12000.00,1,O,P80001571,C00569517,"TRUMP, DONALD J. / MICHAEL R. PENCE ",CITIZEN SUPER PAC
P80001571,C00569905,2016,509167.23,98,S,P80001571,C00569905,"TRUMP, DONALD J. / MICHAEL R. PENCE ",THE 2016 COMMITTEE
P80001571,C00570903,2016,59000.00,7,S,P80001571,C00570903,"TRUMP, DONALD J. / MICHAEL R. PENCE ",RESTORE AMERICAN FREEDOM AND LIBERTY
P80001571,C00571372,2016,25163.13,2,O,P80001571,C00571372,"TRUMP, DONALD J. / MICHAEL R. PENCE ",RIGHT TO RISE USA
P80001571,C00571398,2016,10000.00,2,S,P80001571,C00571398,"TRUMP, DONALD J. / MICHAEL R. PENCE ",BLAKPAC
P80001571,C00572792,2016,45500.00,2,S,P80001571,C00572792,"TRUMP, DONALD J. / MICHAEL R. PENCE ",VICTORY 2016
P80001571,C00574178,2016,32027.54,17,S,P80001571,C00574178,"TRUMP, DONALD J. / MICHAEL R. PENCE ",RIGHT TO LIFE OF MICHIGAN VICTORY FUND
P80001571,C00574533,2016,23431.00,1,S,P80001571,C00574533,"TRUMP, DONALD J. / MICHAEL R. PENCE ",FUTURE45
P80001571,C00575118,2016,7500.00,1,S,P80001571,C00575118,"TRUMP, DONALD J. / MICHAEL R. PENCE ",CONSERVATIVE LIBERTY COALITION
P80001571,C00575373,2016,93090.60,1,O,P80001571,C00575373,"TRUMP, DONALD J. / MICHAEL R. PENCE ",MAKE AMERICA NUMBER 1
P80001571,C00581868,2016,86645.54,13,O,P80001571,C00581868,"TRUMP, DONALD J. / MICHAEL R. PENCE ",NEW DAY FOR AMERICA
P80001571,C00582056,2016,2086.25,1,O,P80001571,C00582056,"TRUMP, DONALD J. / MICHAEL R. PENCE ",FREEDOM UNINCORPORATED
P80001571,C00582965,2016,9280.00,8,S,P80001571,C00582965,"TRUMP, DONALD J. / MICHAEL R. PENCE ",ART OF THE DEAL PAC
P80001571,C00582973,2016,200661.45,2,O,P80001571,C00582973,"TRUMP, DONALD J. / MICHAEL R. PENCE ",NEW DAY INDEPENDENT MEDIA COMMITTEE INC
P80001571,C00586826,2016,122475.96,44,S,P80001571,C00586826,"TRUMP, DONALD J. / MICHAEL R. PENCE ",PATRIOTS FOR TRUMP
P80001571,C00587022,2016,59020.34,29,O,P80001571,C00587022,"TRUMP, DONALD J. / MICHAEL R. PENCE ",COURAGEOUS CONSERVATIVES PAC
P80001571,C00587881,2016,181.09,3,S,P80001571,C00587881,"TRUMP, DONALD J. / MICHAEL R. PENCE ",BRING BACK AMERICAN OPPORTUNITY
P80001571,C00589507,2016,72120.00,16,O,P80001571,C00589507,"TRUMP, DONALD J. / MICHAEL R. PENCE ",AAPI VICTORY FUND
P80001571,C00589879,2016,16000.00,2,S,P80001571,C00589879,"TRUMP, DONALD J. / MICHAEL R. PENCE ",COMMITTEE TO RESTORE AMERICA'S GREATNESS PAC
P80001571,C00591834,2016,89000.00,2,S,P80001571,C00591834,"TRUMP, DONALD J. / MICHAEL R. PENCE ",USA BUSINESS FREEDOM PAC
P80001571,C00592337,2016,1872807.24,7,O,P80001571,C00592337,"TRUMP, DONALD J. / MICHAEL R. PENCE ","STAND FORTRUTH, INC."
P80001571,C00592618,2016,86.27,3,O,P80001571,C00592618,"TRUMP, DONALD J. / MICHAEL R. PENCE ",NICHOLAS THOMAS RAPAK POLLITICAL ACTION COMMITTEE A/K/A NICK RAPAC
P80001571,C00594176,2016,35039.06,55,O,P80001571,C00594176,"TRUMP, DONALD J. / MICHAEL R. PENCE ",MAKE AMERICA AWESOME
P80001571,C00596973,2016,700162.50,14,S,P80001571,C00596973,"TRUMP, DONALD J. / MICHAEL R. PENCE ",FUTURE IN AMERICA INC.
P80001571,C00600825,2016,168362.80,52,O,P80001571,C00600825,"TRUMP, DONALD J. / MICHAEL R. PENCE ",WETHEPEOPLE FOUNDATION
P80001571,C00602623,2016,52247.14,8,S,P80001571,C00602623,"TRUMP, DONALD J. / MICHAEL R. PENCE ",AMERICA SPEAKS PAC
P80001571,C00603621,2016,16353179.28,205,O,P80001571,C00603621,"TRUMP, DONALD J. / MICHAEL R. PENCE ",OUR PRINCIPLES PAC
P80001571,C00607697,2016,76300.00,4,S,P80001571,C00607697,"TRUMP, DONALD J. / MICHAEL R. PENCE ",OUR VOICE MATTERS SUPER PAC
P80001571,C00608489,2016,23603816.59,361,S,P80001571,C00608489,"TRUMP, DONALD J. / MICHAEL R. PENCE ",GREAT AMERICA PAC
P80001571,C00609388,2016,1749016.06,12,O,P80001571,C00609388,"TRUMP, DONALD J. / MICHAEL R. PENCE ",BLACK PAC
P80001571,C00609511,2016,78618.75,4,O,P80001571,C00609511,"TRUMP, DONALD J. / MICHAEL R. PENCE ",TRUSTED LEADERSHIP PAC
P80001571,C00610907,2016,181599.61,98,O,P80001571,C00610907,"TRUMP, DONALD J. / MICHAEL R. PENCE ",NEVER MEANS NEVER PAC
P80001571,C00611020,2016,9017.10,26,O,P80001571,C00611020,"TRUMP, DONALD J. / MICHAEL R. PENCE ",AMERICANS AGAINST INSECURE BILLIONAIRES WITH TINY HANDS PAC
P80001571,C00612820,2016,42215.62,17,O,P80001571,C00612820,"TRUMP, DONALD J. / MICHAEL R. PENCE ",IMMIGRANT VOTERS WIN PAC
P80001571,C00612820,2016,3850.00,1,S,P80001571,C00612820,"TRUMP, DONALD J. / MICHAEL R. PENCE ",IMMIGRANT VOTERS WIN PAC
P80001571,C00612846,2016,2046.36,14,O,P80001571,C00612846,"TRUMP, DONALD J. / MICHAEL R. PENCE ",THE DEMOCRATIC COALITION
P80001571,C00613448,2016,91.62,4,O,P80001571,C00613448,"TRUMP, DONALD J. / MICHAEL R. PENCE ",AMERICA FOR EVERYONE PAC
P80001571,C00614370,2016,64000.00,1,S,P80001571,C00614370,"TRUMP, DONALD J. / MICHAEL R. PENCE ",COMMITTEE FOR AMERICAN SOVEREIGNTY
P80001571,C00615088,2016,50.00,1,S,P80001571,C00615088,"TRUMP, DONALD J. / MICHAEL R. PENCE ",AMERICANS UNITED FOR RESPONSIBLE LEADERSHIP
P80001571,C00615344,2016,31111.88,11,S,P80001571,C00615344,"TRUMP, DONALD J. / MICHAEL R. PENCE ",AMISH PAC
P80001571,C00615815,2016,13063726.45,48,O,P80001571,C00615815,"TRUMP, DONALD J. / MICHAEL R. PENCE ",NEXTGEN CALIFORNIA ACTION COMMITTEE
P80001571,C00616789,2016,19415.30,23,S,P80001571,C00616789,"TRUMP, DONALD J. / MICHAEL R. PENCE ",REAL PEOPLE FOR AMERICA
P80001571,C00616789,2016,500.00,1,,P80001571,C00616789,"TRUMP, DONALD J. / MICHAEL R. PENCE ",REAL PEOPLE FOR AMERICA
P80001571,C00617449,2016,25958.51,3,O,P80001571,C00617449,"TRUMP, DONALD J. / MICHAEL R. PENCE ","BUILDING BRIDGES, NOT WALLS"
P80001571,C00617522,2016,6763.92,28,O,P80001571,C00617522,"TRUMP, DONALD J. / MICHAEL R. PENCE ",STAND TOGETHER AGAINST TYRANNY
P80001571,C00618876,2016,4095640.92,15,S,P80001571,C00618876,"TRUMP, DONALD J. / MICHAEL R. PENCE ",REBUILDING AMERICA NOW
P80001571,C00619346,2016,835.00,1,S,P80001571,C00619346,"TRUMP, DONALD J. / MICHAEL R. PENCE ",VOCAL CITIZENS
P80001571,C00619577,2016,31000.00,4,S,P80001571,C00619577,"TRUMP, DONALD J. / MICHAEL R. PENCE ",AMERICAN HORIZONS PAC
P80001571,C00619635,2016,406.75,2,S,P80001571,C00619635,"TRUMP, DONALD J. / MICHAEL R. PENCE ",PATRIOTS FOR A GREAT AMERICA
P80001571,C00619759,2016,20000.00,1,O,P80001571,C00619759,"TRUMP, DONALD J. / MICHAEL R. PENCE ",CREATIVE MAJORITY POLITICAL ACTION COMMITTEE
P80001571,C00620583,2016,52284.61,56,O,P80001571,C00620583,"TRUMP, DONALD J. / MICHAEL R. PENCE ",WORKING AMERICA COALITION
P80001571,C00620583,2016,405.00,2,S,P80001571,C00620583,"TRUMP, DONALD J. / MICHAEL R. PENCE ",WORKING AMERICA COALITION
P80001571,C00620922,2016,111181.71,19,O,P80001571,C00620922,"TRUMP, DONALD J. / MICHAEL R. PENCE ",JEWS FOR PROGRESS
P80001571,C00620971,2016,3478067.55,118,O,P80001571,C00620971,"TRUMP, DONALD J. / MICHAEL R. PENCE ",FOR OUR FUTURE
P80001571,C00621524,2016,50427.49,2,O,P80001571,C00621524,"TRUMP, DONALD J. / MICHAEL R. PENCE ",DELEGATES UNBOUND PAC
P80001571,C00621755,2016,1421.84,5,S,P80001571,C00621755,"TRUMP, DONALD J. / MICHAEL R. PENCE ",PEOPLE AND POLITICS
P80001571,C00621995,2016,62778.72,37,O,P80001571,C00621995,"TRUMP, DONALD J. / MICHAEL R. PENCE ",OHIO VOTER FUND POLITICAL ACTION COMMITTEE
P80001571,C00622159,2016,4739.80,7,S,P80001571,C00622159,"TRUMP, DONALD J. / MICHAEL R. PENCE ","TRUMP-TOGETHER, READY & UNITED, FOR MORE PROSPERITY"
P80001571,C00622415,2016,1002.85,1,S,P80001571,C00622415,"TRUMP, DONALD J. / MICHAEL R. PENCE ","KENTUCKY TOMORROW, INC."
P80001571,C00622951,2016,12591.50,5,O,P80001571,C00622951,"TRUMP, DONALD J. / MICHAEL R. PENCE ",INFORMED CITIZENS
P80001571,C00623082,2016,104225.29,25,O,P80001571,C00623082,"TRUMP, DONALD J. / MICHAEL R. PENCE ",NOT WHO WE ARE PAC
P80001571,C00623231,2016,2257.82,14,O,P80001571,C00623231,"TRUMP, DONALD J. / MICHAEL R. PENCE ",STARS AND STRIPES
P80001571,C00623256,2016,185697.60,10,S,P80001571,C00623256,"TRUMP, DONALD J. / MICHAEL R. PENCE ",AMERICA COMES FIRST PAC
P80001571,C00623470,2016,61102.94,17,S,P80001571,C00623470,"TRUMP, DONALD J. / MICHAEL R. PENCE ","MAKING AMERICA GREAT AGAIN, LLC"
P80001571,C00623538,2016,44275.00,3,O,P80001571,C00623538,"TRUMP, DONALD J. / MICHAEL R. PENCE ",PROGRESS FOR USA PAC
P80001571,C00623603,2016,1383674.26,12,O,P80001571,C00623603,"TRUMP, DONALD J. / MICHAEL R. PENCE ",EL SUPER PAC VOTO LATINO
P80001571,C00623926,2016,22375.00,5,O,P80001571,C00623926,"TRUMP, DONALD J. / MICHAEL R. PENCE ",OUR SHARED FUTURE PAC
P80001571,C00624056,2016,86153.80,12,O,P80001571,C00624056,"TRUMP, DONALD J. / MICHAEL R. PENCE ",EDUCATORS FOR OHIO
P80001571,C00624114,2016,8902.84,4,O,P80001571,C00624114,"TRUMP, DONALD J. / MICHAEL R. PENCE ",NUISANCE COMMITTEE; THE
P80001571,C00624767,2016,2500.00,1,S,P80001571,C00624767,"TRUMP, DONALD J. / MICHAEL R. PENCE ",MAIN STREET PATRIOTS PAC
P80001571,C00624817,2016,6680.08,1,O,P80001571,C00624817,"TRUMP, DONALD J. / MICHAEL R. PENCE ",EARN INTERNATIONAL UNION OF OPERATING ENGINEERS
P80001571,C00625228,2016,217320.31,7,O,P80001571,C00625228,"TRUMP, DONALD J. / MICHAEL R. PENCE ",SAVE THE DAY PAC
P80001571,C00625285,2016,145096.35,8,S,P80001571,C00625285,"TRUMP, DONALD J. / MICHAEL R. PENCE ",PHYLLIS SCHLAFLY'S EAGLE PAC
P80001571,C00625525,2016,9922027.50,10,O,P80001571,C00625525,"TRUMP, DONALD J. / MICHAEL R. PENCE ",LIFT LEADING ILLINOIS FOR TOMORROW
P80001571,C00625574,2016,3415287.71,7,S,P80001571,C00625574,"TRUMP, DONALD J. / MICHAEL R. PENCE ",SAVE AMERICA FROM ITS GOVERNMENT
P80001571,C00625871,2016,1205.00,4,S,P80001571,C00625871,"TRUMP, DONALD J. / MICHAEL R. PENCE ",USA COMMERCE AND SECURITY
P80001571,C00626119,2016,139000.00,4,O,P80001571,C00626119,"TRUMP, DONALD J. / MICHAEL R. PENCE ",COMMITTEE FOR WORKING FAMILIES SPONSORED BY THE CALIFORNIA LABOR FEDERATION AFL-CIO
P80001571,C00626119,2016,15000.00,1,S,P80001571,C00626119,"TRUMP, DONALD J. / MICHAEL R. PENCE ",COMMITTEE FOR WORKING FAMILIES SPONSORED BY THE CALIFORNIA LABOR FEDERATION AFL-CIO
P80001571,C00626234,2016,787.07,9,O,P80001571,C00626234,"TRUMP, DONALD J. / MICHAEL R. PENCE ",HELPING ELECT REFORMERS
P80001571,C00626234,2016,6891.42,20,S,P80001571,C00626234,"TRUMP, DONALD J. / MICHAEL R. PENCE ",HELPING ELECT REFORMERS
P80001571,C00626309,2016,167.32,2,S,P80001571,C00626309,"TRUMP, DONALD J. / MICHAEL R. PENCE ",MIDLAND COUNTY REPUBLICAN COMMITTEE
P80001571,C00626366,2016,122.68,5,O,P80001571,C00626366,"TRUMP, DONALD J. / MICHAEL R. PENCE ",STOP TO THINK USA
P80001571,C00626390,2016,179442.51,23,O,P80001571,C00626390,"TRUMP, DONALD J. / MICHAEL R. PENCE ",NCLR ACTION PAC
P80001571,C00626432,2016,191634.00,3,S,P80001571,C00626432,"TRUMP, DONALD J. / MICHAEL R. PENCE ",RALLYPAC
P80001571,C00626887,2016,867261.09,6,O,P80001571,C00626887,"TRUMP, DONALD J. / MICHAEL R. PENCE ",FIFTY SECOND STREET FUND
P80001571,C00627703,2016,486190.00,5,O,P80001571,C00627703,"TRUMP, DONALD J. / MICHAEL R. PENCE ",AMERICA TOGETHER INC
P80001571,C00628115,2016,25254.43,6,S,P80001571,C00628115,"TRUMP, DONALD J. / MICHAEL R. PENCE ",MISSOURI RIGT TO LIFE VICTORY FUND
P80001571,C00628255,2016,5404.48,10,O,P80001571,C00628255,"TRUMP, DONALD J. / MICHAEL R. PENCE ",CHINESE AMERICANS FOR KEEPING AMERICA GREAT
P80001571,C00628396,2016,15763.00,10,S,P80001571,C00628396,"TRUMP, DONALD J. / MICHAEL R. PENCE ",KEYSTONE COMMONSENSE PAC
P80001571,C00628420,2016,71022.00,2,O,P80001571,C00628420,"TRUMP, DONALD J. / MICHAEL R. PENCE ",TRUTH PAC
P80001571,C90004185,2016,142460.20,3,O,P80001571,C90004185,"TRUMP, DONALD J. / MICHAEL R. PENCE ",NARAL PRO-CHOICE AMERICA
P80001571,C90005471,2016,39515.44,21,O,P80001571,C90005471,"TRUMP, DONALD J. / MICHAEL R. PENCE ",PLANNED PARENTHOOD ACTION FUND INC
P80001571,C90005786,2016,4845.51,22,O,P80001571,C90005786,"TRUMP, DONALD J. / MICHAEL R. PENCE ",LEAGUE OF CONSERVATION VOTERS INC
P80001571,C90006149,2016,15007.86,2,O,P80001571,C90006149,"TRUMP, DONALD J. / MICHAEL R. PENCE ",PLANNED PARENTHOOD ADVOCACY PROJECT LOS ANGELES COUNTY
P80001571,C90006701,2016,218.28,4,O,P80001571,C90006701,"TRUMP, DONALD J. / MICHAEL R. PENCE ",THE PLANNED PARENTHOOD ACTION FUND OF
P80001571,C90009317,2016,78268.90,7,O,P80001571,C90009317,"TRUMP, DONALD J. / MICHAEL R. PENCE ",WOMEN'S VOICES WOMEN VOTE ACTION FUND
P80001571,C90009945,2016,2736085.88,22,O,P80001571,C90009945,"TRUMP, DONALD J. / MICHAEL R. PENCE ",CLUB FOR GROWTH
P80001571,C90010570,2016,43.90,1,O,P80001571,C90010570,"TRUMP, DONALD J. / MICHAEL R. PENCE ",FAIR SHARE ALLIANCE INC
P80001571,C90010646,2016,293.74,2,O,P80001571,C90010646,"TRUMP, DONALD J. / MICHAEL R. PENCE ",FEMINIST MAJORITY
P80001571,C90011156,2016,1108073.37,39123,O,P80001571,C90011156,"TRUMP, DONALD J. / MICHAEL R. PENCE ",WORKING AMERICA
P80001571,C90011172,2016,470830.50,6,O,P80001571,C90011172,"TRUMP, DONALD J. / MICHAEL R. PENCE ",AMERICAN FEDERATION OF STATE COUNTY AND MUNICIPAL EMPLOYEES AFL-CIO
P80001571,C90011313,2016,12000.00,4,S,P80001571,C90011313,"TRUMP, DONALD J. / MICHAEL R. PENCE ",SUSAN B ANTHONY LIST INC
P80001571,C90011438,2016,1683.33,4,O,P80001571,C90011438,"TRUMP, DONALD J. / MICHAEL R. PENCE ",FLORIDA NEW MAJORITY
P80001571,C90011438,2016,2000.00,1,S,P80001571,C90011438,"TRUMP, DONALD J. / MICHAEL R. PENCE ",FLORIDA NEW MAJORITY
P80001571,C90011677,2016,260000.00,2,O,P80001571,C90011677,"TRUMP, DONALD J. / MICHAEL R. PENCE ",AMERICAN FUTURE FUND
P80001571,C90011800,2016,2500.00,3,O,P80001571,C90011800,"TRUMP, DONALD J. / MICHAEL R. PENCE ",CATHOLICVOTE.ORG
P80001571,C90011875,2016,1633.07,10,O,P80001571,C90011875,"TRUMP, DONALD J. / MICHAEL R. PENCE ",SIERRA CLUB
P80001571,C90012071,2016,297482.73,19,O,P80001571,C90012071,"TRUMP, DONALD J. / MICHAEL R. PENCE ",PEOPLE FOR THE AMERICAN WAY
P80001571,C90012162,2016,750651.46,40,O,P80001571,C90012162,"TRUMP, DONALD J. / MICHAEL R. PENCE ",ENTERPRISE FREEDOM ACTION COMMITTEE
P80001571,C90012691,2016,438.84,1,O,P80001571,C90012691,"TRUMP, DONALD J. / MICHAEL R. PENCE ",ONEAMERICA VOTES
P80001571,C90013244,2016,6843.50,103,O,P80001571,C90013244,"TRUMP, DONALD J. / MICHAEL R. PENCE ",EMERGENCY COMMITTEE FOR ISRAEL
P80001571,C90013301,2016,8778719.67,30,S,P80001571,C90013301,"TRUMP, DONALD J. / MICHAEL R. PENCE ",NATIONAL RIFLE ASSOCIATION INSTITUTE FOR LEGISLATIVE ACTION
P80001571,C90014895,2016,132937.61,8,O,P80001571,C90014895,"TRUMP, DONALD J. / MICHAEL R. PENCE ",ENVIRONMENTAL DEFENSE ACTION FUND
P80001571,C90014978,2016,12465.22,4,O,P80001571,C90014978,"TRUMP, DONALD J. / MICHAEL R. PENCE ",FOOD POLICY ACTION
P80001571,C90015025,2016,102434.34,30,O,P80001571,C90015025,"TRUMP, DONALD J. / MICHAEL R. PENCE ",EVERYTOWN FOR GUN SAFETY ACTION FUND
P80001571,C90015140,2016,193286.18,10,O,P80001571,C90015140,"TRUMP, DONALD J. / MICHAEL R. PENCE ",AFT SOLIDARITY
P80001571,C90015181,2016,60000.00,3,O,P80001571,C90015181,"TRUMP, DONALD J. / MICHAEL R. PENCE ",LATINO VICTORY PROJECT
P80001571,C90015322,2016,104798.84,2,O,P80001571,C90015322,"TRUMP, DONALD J. / MICHAEL R. PENCE ","NATIONAL COUNCIL OF LA RAZA ACTION FUND, INC."
P80001571,C90015413,2016,612.84,16,O,P80001571,C90015413,"TRUMP, DONALD J. / MICHAEL R. PENCE ",DEMOCRATIC SOCIALISTS OF AMERICA INC.
P80001571,C90015454,2016,2978.53,3,S,P80001571,C90015454,"TRUMP, DONALD J. / MICHAEL R. PENCE ","MARLOWE, MARK ANTHONY"
P80001571,C90015660,2016,63627.88,5,O,P80001571,C90015660,"TRUMP, DONALD J. / MICHAEL R. PENCE ","FERNANDEZ, MIGUEL B."
P80001571,C90015678,2016,8366.47,11,S,P80001571,C90015678,"TRUMP, DONALD J. / MICHAEL R. PENCE ",AMERICA'S RENEWABLE FUTURE INC
P80001571,C90015983,2016,4500.00,40,O,P80001571,C90015983,"TRUMP, DONALD J. / MICHAEL R. PENCE ",VETERANS AGAINST THE DEAL
P80001571,C90016007,2016,20071.66,8,S,P80001571,C90016007,"TRUMP, DONALD J. / MICHAEL R. PENCE ",KENNETH A LANCI
P80001571,C90016015,2016,10000.00,1,S,P80001571,C90016015,"TRUMP, DONALD J. / MICHAEL R. PENCE ",JOHN R DAVIS JR
P80001571,C90016072,2016,126913.48,33,O,P80001571,C90016072,"TRUMP, DONALD J. / MICHAEL R. PENCE ",BEND THE ARC JEWISH ACTION INC
P80001571,C90016098,2016,307588.43,3,O,P80001571,C90016098,"TRUMP, DONALD J. / MICHAEL R. PENCE ",MAJORITY FORWARD
P80001571,C90016106,2016,74041.91,24,O,P80001571,C90016106,"TRUMP, DONALD J. / MICHAEL R. PENCE ",AFL-CIO COMMITTEE ON POLITICAL EDUCATION TREASURY FUND
P80001571,C90016114,2016,173297.85,3,O,P80001571,C90016114,"TRUMP, DONALD J. / MICHAEL R. PENCE ",HAMPTON CREEK INC.
P80001571,C90016205,2016,48362.89,51,O,P80001571,C90016205,"TRUMP, DONALD J. / MICHAEL R. PENCE ",ONE PITTSBURGH
P80001571,C90016213,2016,519257.18,958,O,P80001571,C90016213,"TRUMP, DONALD J. / MICHAEL R. PENCE ",AVAAZ FOUNDATION
P80001571,C90016221,2016,1663817.39,9,S,P80001571,C90016221,"TRUMP, DONALD J. / MICHAEL R. PENCE ","ADAMS, STEPHEN"
P80001571,C90016247,2016,90229.26,14,O,P80001571,C90016247,"TRUMP, DONALD J. / MICHAEL R. PENCE ",ULTRAVIOLET ACTION
P80001571,C90016288,2016,2795621.89,25,O,P80001571,C90016288,"TRUMP, DONALD J. / MICHAEL R. PENCE ",IAMERICA ACTION
P80001571,C90016338,2016,3250.00,6,O,P80001571,C90016338,"TRUMP, DONALD J. / MICHAEL R. PENCE ",SIXTEEN THIRTY FUND/MAKE IT WORK ACTION
P80001571,C90016346,2016,12000.00,3,S,P80001571,C90016346,"TRUMP, DONALD J. / MICHAEL R. PENCE ","AGRON, DOMINICK"
P80001571,C90016346,2016,5000.00,1,,P80001571,C90016346,"TRUMP, DONALD J. / MICHAEL R. PENCE ","AGRON, DOMINICK"
P80001571,C90016379,2016,57390.08,150,O,P80001571,C90016379,"TRUMP, DONALD J. / MICHAEL R. PENCE ",OHIO ENVIRONMENTAL COUNCIL ACTION FUND INC.
P80001571,C90016403,2016,105000.00,2,O,P80001571,C90016403,"TRUMP, DONALD J. / MICHAEL R. PENCE ",PROGRESS NOW
P80001571,C90016445,2016,19817.74,5,O,P80001571,C90016445,"TRUMP, DONALD J. / MICHAEL R. PENCE ",WORKING ASSETS FUNDING SERVICE
P80001571,C90016551,2016,4576.10,6,O,P80001571,C90016551,"TRUMP, DONALD J. / MICHAEL R. PENCE ",TEXAS ORGANIZING PROJECT PAC
P80001571,C90016585,2016,5079.12,85,O,P80001571,C90016585,"TRUMP, DONALD J. / MICHAEL R. PENCE ",COLORADO PEOPLE'S ACTION
P80001571,C90016684,2016,77082.00,1,S,P80001571,C90016684,"TRUMP, DONALD J. / MICHAEL R. PENCE ",AM RACING LLC
P80001571,C90016833,2016,10802.26,3,O,P80001571,C90016833,"TRUMP, DONALD J. / MICHAEL R. PENCE ",PEOPLE'S ACTION
P80001571,C90016924,2016,248901.25,3,S,P80001571,C90016924,"TRUMP, DONALD J. / MICHAEL R. PENCE ",REPUBLICAN HINDU COALITION
P80001571,C90016940,2016,8146.39,3,O,P80001571,C90016940,"TRUMP, DONALD J. / MICHAEL R. PENCE ",ARIZONA ACCOUNTABILITY PROJECT
P80001571,C90016973,2016,20609.00,12,O,P80001571,C90016973,"TRUMP, DONALD J. / MICHAEL R. PENCE ","GREENPEACE, INC."
P80001571,C90017021,2016,700000.00,1,O,P80001571,C90017021,"TRUMP, DONALD J. / MICHAEL R. PENCE ",YOUR VOTE MATTERS
P80001571,C90017039,2016,27791.48,1,O,P80001571,C90017039,"TRUMP, DONALD J. / MICHAEL R. PENCE ",NEW DIRECTION PAC
P80001571,C90017237,2016,1625.67,2,O,P80001571,C90017237,"TRUMP, DONALD J. / MICHAEL R. PENCE ",ORGANIZE NOW
P80003478,C00432260,2016,6.02,1,O,P80003478,C00432260,"HUCKABEE, MIKE",CLUB FOR GROWTH PAC
P80003478,C00487470,2016,110989.00,8,O,P80003478,C00487470,"HUCKABEE, MIKE",CLUB FOR GROWTH ACTION
P80003478,C00495861,2016,769.23,1,O,P80003478,C00495861,"HUCKABEE, MIKE",PRIORITIES USA ACTION
P80003478,C00573923,2016,2771406.32,25,S,P80003478,C00573923,"HUCKABEE, MIKE",PURSUING AMERICA'S GREATNESS
P80003478,C00587022,2016,13.20,1,O,P80003478,C00587022,"HUCKABEE, MIKE",COURAGEOUS CONSERVATIVES PAC
P80003478,C00596973,2016,33000.00,3,S,P80003478,C00596973,"HUCKABEE, MIKE",FUTURE IN AMERICA INC.
P80003478,C90005471,2016,139.30,2,O,P80003478,C90005471,"HUCKABEE, MIKE",PLANNED PARENTHOOD ACTION FUND INC
P80003478,C90012626,2016,2028.96,6,O,P80003478,C90012626,"HUCKABEE, MIKE",HUMAN RIGHTS CAMPAIGN
P80003478,C90015678,2016,8366.45,11,S,P80003478,C90015678,"HUCKABEE, MIKE",AMERICA'S RENEWABLE FUTURE INC
